no,date,open,high,low,close,volume
0,2014-07-24,605.9,608.3,596,596,7.68
1,2014-07-25,596,603.98,596,596.1,35.282
2,2014-07-26,596.1,598.1,591.22,593.32,81.493
3,2014-07-27,593.32,604.8,592.49,604.8,222.541
4,2014-07-28,604.8,604.8,574.63,582.69,269.119
5,2014-07-29,582.69,586.81,577.68,581.39,230.511
6,2014-07-30,581.39,583.09,560.75,565.37,261.623
7,2014-07-31,565.37,590.15,562.06,581.73,267.422
8,2014-08-01,581.73,598.38,581.73,594.89,343.144
9,2014-08-02,594.89,594.89,583.16,586.72,422.673
10,2014-08-03,587.12,588.54,576.58,585.61,292.73
11,2014-08-04,585.61,589.59,583.13,586.87,347.587
12,2014-08-05,587.03,587.67,582.56,586.42,377.629
13,2014-08-06,586.42,589.09,582.56,586.41,257.295
14,2014-08-07,586.41,590.88,584.19,590.41,381.535
15,2014-08-08,590.41,605.34,589.78,594.03,507.532
16,2014-08-09,593.92,593.92,586.47,587.94,385.865
17,2014-08-10,587.94,593.62,586.06,591.11,220.741
18,2014-08-11,591.11,592.15,567.66,571.24,308.373
19,2014-08-12,571.24,574.59,558.96,565.64,484.759
20,2014-08-13,565.64,567.1,519.74,543,793.728
21,2014-08-14,542.65,542.95,494.4,505.22,479.59
22,2014-08-15,505.22,513.67,483.16,493.61,506
23,2014-08-16,493.61,523.83,481.7,518.95,833.569
24,2014-08-17,520.4,522.86,477.47,487.69,695.092
25,2014-08-18,485.18,492.27,449.33,457.56,776.899
26,2014-08-19,457.56,485.28,453.56,485.28,656.993
27,2014-08-20,485.45,517.78,466.84,511.27,1000.193
28,2014-08-21,509.23,534.88,507.14,513.74,728.6219
29,2014-08-22,513.74,520.89,495.39,509.01,656.144
30,2014-08-23,509.01,514.34,490.64,497.12,715.109
31,2014-08-24,496.66,512.07,493.9,505.65,748.701
32,2014-08-25,505.65,508.37,496.6,499.52,560.105
33,2014-08-26,499.42,511.94,498.8,510.39,798.993
34,2014-08-27,510.39,520.14,508.54,509.96,719.476
35,2014-08-28,509.96,516.87,488.89,506.11,1248.569
36,2014-08-29,506.11,512.2,501.84,508.81,460.1281
37,2014-08-30,508.81,508.82,498.26,502.91,875.425
38,2014-08-31,502.91,507.84,475.07,475.78,1409.793
39,2014-09-01,475.76,485.51,466.18,469.81,1936.169
40,2014-09-02,469.8,486.26,466.8,472.41,1881.482
41,2014-09-03,472.41,483.45,472.4,473.95,1815.926
42,2014-09-04,473.95,503.02,471.15,488.82,1946.028
43,2014-09-05,489.98,492.58,479.1,481.14,1809.871
44,2014-09-06,481.14,493.26,479.1,483.49,1807.273
45,2014-09-07,483.49,491.31,466.8,481.72,1944.906
46,2014-09-08,481,489.57,466.18,473.79,1881.161
47,2014-09-09,476.15,477.15,467.3,473.43,1880.767
48,2014-09-10,473.43,485.6,469.87,478.59,1909.7618
49,2014-09-11,478.59,487.41,472.93,476.61,1926.6158
50,2014-09-12,476.61,479.55,468.72,475.89,1884.119
51,2014-09-13,474.91,480,473.47,479.05,1868.463
52,2014-09-14,479.05,480,468.72,475.48,1855.235
53,2014-09-15,475.48,477.23,470.46,474.33,1889.409
54,2014-09-16,474.35,476.47,459.32,464.57,1806.373
55,2014-09-17,464.75,467.16,456.16,460.05,2958.861
56,2014-09-18,460.06,460.22,410.1,422.64,2504.986
57,2014-09-19,422.64,429.26,384.45,394.74,5282.301
58,2014-09-20,394.74,425.87,385.85,405.53,3973.833
59,2014-09-21,405.53,412.68,391.84,399.37,4015.098
60,2014-09-22,399.37,408.42,397.06,402.97,4461.196
61,2014-09-23,403.07,444.37,392.87,435.72,6176.916
62,2014-09-24,435.72,437.61,420.85,423.57,14348.667
63,2014-09-25,423.29,424.87,408.22,411.3,7593.826
64,2014-09-26,411.27,415.46,399.01,402.83,6539.442
65,2014-09-27,402.86,406.1,393.58,397.57,7209.817
66,2014-09-28,397.47,399.92,371.55,377.33,7921.513
67,2014-09-29,377.33,387.79,371.3,376.2,12388.205
68,2014-09-30,376.6,394.94,373.13,387.98,11346.002
69,2014-10-01,387.98,395.18,380.8,383.2,11245.135
70,2014-10-02,383.28,385.3,370.75,374.74,8336.099
71,2014-10-03,374.74,377.87,362.74,365.89,9611.962
72,2014-10-04,365.76,369.9,327.24,331.67,15689.676
73,2014-10-05,331.98,344.06,295.19,319.98,17035.571
74,2014-10-06,321.76,347.77,302.96,332.21,26209.942
75,2014-10-07,332.17,346.59,322.48,338.2,21458.207
76,2014-10-08,338.48,355.41,325.73,353.86,13476.972
77,2014-10-09,353.72,383.37,347.38,364.92,19062.308
78,2014-10-10,364.9,378.2,352.72,362.91,19491.268
79,2014-10-11,363.24,370.68,350.54,360.39,9507.757
80,2014-10-12,360.48,374.83,352.26,373.02,6124.724
81,2014-10-13,372.84,392.67,366.84,388.24,10254.519
82,2014-10-14,388.11,409.09,387.96,398.36,16289.1492
83,2014-10-15,398.67,398.67,389.3,394.37,12611.137
84,2014-10-16,394.48,400.54,373.07,381.76,11008.271
85,2014-10-17,381.64,386.33,373.37,380.73,10385.155
86,2014-10-18,380.95,396.62,375.09,389.95,5080.7221
87,2014-10-19,390.05,395.02,384.7,386.58,3389.543
88,2014-10-20,386.57,386.57,379.09,381.05,4889.288
89,2014-10-21,381.25,389.54,378.45,382.08,4758.02
90,2014-10-22,382.08,385.33,378.63,380.51,5065.11
91,2014-10-23,380.52,382.38,355.16,357.81,9216.567
92,2014-10-24,357.74,362,352.71,357,12369.985
93,2014-10-25,357.04,357.87,342.96,347.49,8719.052
94,2014-10-26,347.42,358.11,345.58,351.67,6638.743
95,2014-10-27,351.71,357.69,345.91,350.77,6531.25
96,2014-10-28,350.76,356.37,349,351.87,5705.01
97,2014-10-29,351.88,353.13,334.24,335.34,6847.0288
98,2014-10-30,335.34,350.48,333.27,342.43,9452.003
99,2014-10-31,342.42,347.9,336.32,338.36,9500.836
100,2014-11-01,338.35,338.7,320,325.76,9132.3202
101,2014-11-02,325.76,329.61,319.84,322.8,9401.354
102,2014-11-03,322.92,332.72,320.89,323.41,8006.349
103,2014-11-04,323.41,328.5,319.84,326.72,11107.221
104,2014-11-05,326.72,341.82,326.54,338.26,12166.252
105,2014-11-06,338.24,350.63,335.51,347.98,10423.54
106,2014-11-07,348.03,351.37,340.09,340.94,10900.7028
107,2014-11-08,341.13,346.16,339.7,343.23,6130.6866
108,2014-11-09,343.22,362.08,341.63,360.81,7027.312
109,2014-11-10,360.82,373.67,356.28,364.64,13689.7
110,2014-11-11,364.59,370.75,361.73,366.07,13438.157
111,2014-11-12,366.08,454.15,365.77,453.34,24293.4487
112,2014-11-13,453.79,485.5,390.95,426.8,40414.076
113,2014-11-14,426.19,426.19,381.86,399.32,27478.6961
114,2014-11-15,399.31,407.37,368.07,372.5,11086.88
115,2014-11-16,372.56,390.75,371,386.12,10681.3152
116,2014-11-17,386.43,411.8,377.12,386.63,15068.3571
117,2014-11-18,386.66,394.52,371.9,376.62,18604.45349
118,2014-11-19,376.62,389.49,375.3,381.02,11923.726
119,2014-11-20,381.11,383.25,356.47,357.5,12378.5444
120,2014-11-21,357.5,357.72,343.09,351.31,15402.7695
121,2014-11-22,351.34,363.77,349.96,351.32,9503.394
122,2014-11-23,351.38,370,350.68,366.08,7832.1004
123,2014-11-24,366.06,390.22,364.26,379.46,9914.4712
124,2014-11-25,379.45,398.66,371.99,376.36,26801.851
125,2014-11-26,376.22,380.36,366.7,370.7,9110.839
126,2014-11-27,370.9,376.63,367.65,370.4,5632.347
127,2014-11-28,370.32,384.59,359.37,378.32,21792.829523
128,2014-11-29,378.04,390,372.58,376.72,64799.23
129,2014-11-30,376.72,383.22,374.66,378.15,3389.931
130,2014-12-01,378.15,385.42,375.9,380.79,3215.023
131,2014-12-02,380.94,387.7,378.75,384.61,6857.314
132,2014-12-03,384.47,387.13,374,377.48,8662.538
133,2014-12-04,377.51,380.95,370.48,373.13,10635.283
134,2014-12-05,373.14,380.69,367.95,378.26,11968.463
135,2014-12-06,378.24,380.87,372.31,376.43,6103.3123
136,2014-12-07,376.44,377.87,374,375.56,3883.9028
137,2014-12-08,375.58,376.71,361.35,361.57,7353.2207
138,2014-12-09,361.49,364.5,341.96,353.2,16215.031
139,2014-12-10,353.06,353.77,345.47,345.68,15396.1518
140,2014-12-11,345.48,368.42,336.47,347.28,25547.1868
141,2014-12-12,347.45,354.12,344.66,351.09,13598.105
142,2014-12-13,351.09,351.28,342.55,345.96,12331.499
143,2014-12-14,346.41,350.16,343.48,348.48,8674.804
144,2014-12-15,348.48,348.89,342.46,343.8,14944.765
145,2014-12-16,343.82,345,326.97,327.27,22767.424
146,2014-12-17,327.27,334.38,312.73,318.31,30052.006
147,2014-12-18,318.31,324.61,301.86,309,29742.2488
148,2014-12-19,309,320.01,305.01,316.8,17711.2286
149,2014-12-20,316.8,332.07,315.5,329.54,14518.878
150,2014-12-21,329.54,330,319.31,321.2,11659.167
151,2014-12-22,321.2,335.35,319.05,331.74,16430.007
152,2014-12-23,331.21,339.66,327.38,334.97,13538.2788
153,2014-12-24,334.97,335.59,320.11,322.12,14664.901
154,2014-12-25,322,322.64,315.99,319.04,10906.595
155,2014-12-26,319.04,332.59,316,327.41,14865.1135
156,2014-12-27,326.83,329.44,311.4,314.81,7988.513
157,2014-12-28,314.9,324.39,310.24,317.29,13318.4978
158,2014-12-29,317.44,321.4,309.7,311.76,8956.6752
159,2014-12-30,311.71,314.5,307.27,309.54,7820.438
160,2014-12-31,309.54,320.58,306.39,319.81,11315.8933
161,2015-01-01,319.81,321.18,313.27,313.61,8547.953
162,2015-01-02,313.71,315.3,312.87,314.29,8023.362
163,2015-01-03,313.88,314.5,278.17,278.17,23761.034
164,2015-01-04,278,287.43,255.42,264.3,33257.855
165,2015-01-05,264.3,277.44,263.91,272.55,39135.042
166,2015-01-06,272.44,284.81,271.22,282.58,17664.494
167,2015-01-07,282.69,295.74,280.07,290.01,23647.274
168,2015-01-08,290.11,291.64,277.01,280.84,14936.106
169,2015-01-09,280.84,289.48,276.27,285.94,16061.005
170,2015-01-10,285.94,287.79,270.27,270.81,9055.902
171,2015-01-11,270.81,276.88,262.64,262.65,11877.4886
172,2015-01-12,262.65,272.14,261.42,268.15,11413.7082
173,2015-01-13,268.1,268.44,220,227.79,30200.288
174,2015-01-14,225.57,227.78,172.7,181.69,35827.9522
175,2015-01-15,181.35,224.9,180,209.58,29127.233352
176,2015-01-16,210,221.95,199.11,207.08,20117.6328
177,2015-01-17,206.98,212,190,198.59,17562.185628
178,2015-01-18,198.65,219.44,190,210.71,19751.271
179,2015-01-19,210.85,217.81,202.74,213.36,12499.465
180,2015-01-20,213.26,214.15,203.34,209.62,14134.866
181,2015-01-21,209.61,228.74,208.82,226.47,11644.198
182,2015-01-22,226.47,237.83,225.03,232.85,17024.0796
183,2015-01-23,232.94,234.46,224.06,231.45,14954.873
184,2015-01-24,231.51,248.04,228.66,246.61,13499.3662
185,2015-01-25,246.99,255.5,240.74,251,15975.2507
186,2015-01-26,251.01,310.57,251.01,273.32,32749.361
187,2015-01-27,272.77,275.92,250.45,262.59,20168.133
188,2015-01-28,262.35,268.5,229.3,235.77,22365.4587
189,2015-01-29,236.03,239.17,219.67,233.48,11133.78
190,2015-01-30,233.26,243.55,226,227.62,14332.0285
191,2015-01-31,227.61,235.02,215.68,216.91,10582.739
192,2015-02-01,216.82,232.38,209.19,226.5,19802.5256
193,2015-02-02,226.47,242.5,221.53,238.16,18358.3025
194,2015-02-03,238.35,248.55,223,226.24,25599.816
195,2015-02-04,226.36,230.1,219.71,226.67,20429.462
196,2015-02-05,226.84,229.01,213.85,216.63,16732.2969
197,2015-02-06,216.74,225.95,215.67,222.8,26361.166
198,2015-02-07,222.75,230.39,222.08,226.9,22315.1104
199,2015-02-08,226.95,228.28,218.7,222.47,13174.2308
200,2015-02-09,222.53,224.43,215.79,219.47,22467.75
201,2015-02-10,219.17,221.86,214.1,218.29,28131.6795
202,2015-02-11,218.57,223.49,217.23,218.44,17020.337
203,2015-02-12,218.44,221.98,216.76,221.16,15298.672
204,2015-02-13,220.9,241.78,220,235.36,38845.7398
205,2015-02-14,235.73,262.26,235.45,258.23,46182.592
206,2015-02-15,257.7,266.61,227.01,235.51,49764.9674
207,2015-02-16,235.45,239.7,228.2,233.68,27958.037
208,2015-02-17,233.72,246.64,231.71,244.23,26592.508
209,2015-02-18,244.09,244.76,231.53,236.42,21777.727
210,2015-02-19,236.07,243.99,235.4,240.57,15470.144
211,2015-02-20,240.33,248,239.25,244.75,20399.905
212,2015-02-21,244.85,248,242.79,244.54,12622.081
213,2015-02-22,244.33,247.48,234.01,236.05,16701.336
214,2015-02-23,236.04,241.03,232.14,239.75,14172.453
215,2015-02-24,239.72,240.95,237,239.52,11325.686
216,2015-02-25,239.7,240.27,234.64,237.4,9964.471
217,2015-02-26,237.66,238.74,233.95,236.8,11372.754
218,2015-02-27,237.18,260.8,236.79,254.23,30341.787
219,2015-02-28,253.83,255.99,250.01,255.58,10975.879
220,2015-03-01,255.4,263.6,246.34,260.34,13775.34
221,2015-03-02,260.43,277.35,257.75,275.47,18540.6934
222,2015-03-03,275.37,287.61,267.12,281.95,21306.078
223,2015-03-04,281.86,285,268.52,273.65,16728.236
224,2015-03-05,273.59,283.29,264.74,275.52,15515.929
225,2015-03-06,275.4,277.86,269.4,272.75,29023.704
226,2015-03-07,272.96,278.19,269.32,276.45,18943.504
227,2015-03-08,276.33,279.68,271.74,275.22,17218.516
228,2015-03-09,275.22,293.7,274.12,290.28,44449.203
229,2015-03-10,290.2,303.4,290,292.14,42970.319
230,2015-03-11,292.25,299.02,291.04,296.67,20711.768
231,2015-03-12,296.75,297.36,292.2,294.01,20208.5444802
232,2015-03-13,293.89,294.31,284.23,284.23,27239.86
233,2015-03-14,284,286.87,281,282.4,21142.61
234,2015-03-15,282.4,286.4,281.34,285.19,12430.87
235,2015-03-16,285.19,294.34,285.02,291.03,15388.083
236,2015-03-17,291,292.34,283.9,285.78,18784.492
237,2015-03-18,285.76,286.54,248.56,255.98,52736.889
238,2015-03-19,256.01,264.86,246.43,260.2,55160.337
239,2015-03-20,260.16,263.74,257.9,261.23,14295.6
240,2015-03-21,261.25,262,253.01,259.59,15106.661
241,2015-03-22,259.57,269.79,259.22,267.66,17628.345
242,2015-03-23,267.7,269.92,261,266.6,21705.234
243,2015-03-24,266.65,266.84,242,245.17,37236.286
244,2015-03-25,245.21,248.05,234.07,245.06,29425.447
245,2015-03-26,245.04,255,243.16,247.79,20751.441
246,2015-03-27,247.8,249.8,243.99,246.58,14276.649
247,2015-03-28,246.55,254.35,246.41,252.68,12184.448
248,2015-03-29,252.72,252.73,239.09,242.59,17858.304
249,2015-03-30,242.61,248.6,237.04,246.55,18928.245
250,2015-03-31,246.54,248.63,242.8,244.34,20490.0046
251,2015-04-01,244.31,248.36,239.2,247.1,16419.8987
252,2015-04-02,247.08,254.49,245.85,253.19,20285.573
253,2015-04-03,253.2,257.5,251.99,255.12,17281.6179
254,2015-04-04,255.1,256.26,251.7,254.06,8679.566
255,2015-04-05,254.01,262,252.35,261.18,15018.4
256,2015-04-06,261.3,262.49,253.77,255.99,14231.14073558
257,2015-04-07,256,256.73,252.18,253.91,10697.86
258,2015-04-08,253.92,254.44,243,245.01,25639.544
259,2015-04-09,244.99,246.19,237.59,243.81,15564.526
260,2015-04-10,243.78,244.04,232.82,236.16,24480.314
261,2015-04-11,236.27,240.79,233.94,236.7,14261.941
262,2015-04-12,236.7,237.82,233.43,236.17,9444.058
263,2015-04-13,236.16,236.97,220.84,224.11,27339.513
264,2015-04-14,224,224.8,216.03,218.91,26824.693
265,2015-04-15,218.92,224,218.21,223.81,18336.379
266,2015-04-16,223.8,229.5,223.74,228.1,21509.772
267,2015-04-17,228.14,228.89,220.89,222.19,16824.171
268,2015-04-18,222.19,224.2,220.05,222.66,11462.377
269,2015-04-19,222.47,226.09,220.88,221.23,14940.512
270,2015-04-20,221.31,225.9,220.68,224.25,15982.641
271,2015-04-21,224.24,236.02,223.94,235.29,18745.811
272,2015-04-22,235.36,238.48,233.62,234.14,16542.095
273,2015-04-23,234.09,236.82,232.93,236.01,8157.591
274,2015-04-24,236,236,229.75,231,17593.659
275,2015-04-25,230.98,232.57,225.83,226.2,11644.988
276,2015-04-26,226.16,227.25,214.3,218.71,25493.59
277,2015-04-27,218.67,230.25,216.33,226.97,21946.332
278,2015-04-28,226.96,227.34,221.49,224.18,13492.019
279,2015-04-29,224.52,226.04,222.1,224.39,18851.2
280,2015-04-30,224.45,238.48,223.42,234.62,25910.353
281,2015-05-01,234.57,238.9,230.92,230.97,15656.548
282,2015-05-02,231.13,235.98,231.13,234.61,9225.2587
283,2015-05-03,234.62,243.5,233.61,239.86,15405.944
284,2015-05-04,239.82,242.65,237.86,239.06,15361.074
285,2015-05-05,239.1,239.36,232.01,236.11,21466.933
286,2015-05-06,236.12,236.62,227.89,229.29,26085.132
287,2015-05-07,229.29,240.09,227.81,237.48,27811.839
288,2015-05-08,237.48,248.01,235.92,244.04,21804.116
289,2015-05-09,244,248,238.27,241.4,22094.573
290,2015-05-10,241.49,244.72,238.03,239.96,14521.317
291,2015-05-11,239.92,244.27,239,242.14,20166.064
292,2015-05-12,242.14,243,239.01,240.58,15919.615
293,2015-05-13,241.1,244.06,233.54,235.64,21723.784
294,2015-05-14,235.63,238.5,231.79,236.55,18411.43
295,2015-05-15,236.55,238.28,234.89,236.95,12600.135
296,2015-05-16,237.04,237.16,234.22,235.64,7224.753
297,2015-05-17,235.65,237.5,235.23,236.3,9627.645
298,2015-05-18,236.3,236.7,231.5,232.93,11888.907
299,2015-05-19,232.93,234,230.69,231.42,9222.638
300,2015-05-20,231.42,234.84,231.07,233.23,10701.304
301,2015-05-21,233.23,235.99,233.16,235.07,10694.853
302,2015-05-22,235.07,240.78,234.6,240.05,18341.7669
303,2015-05-23,240.05,241.46,237.26,238.18,10116.9276
304,2015-05-24,238.18,241.72,236,240.24,10589.335
305,2015-05-25,240.24,240.98,236,237.11,9813.837
306,2015-05-26,237.11,238.09,234.75,237.03,9687.006
307,2015-05-27,237.03,239.16,235.68,237.29,9998.486
308,2015-05-28,237.2,238.12,236.07,236.86,8634.446
309,2015-05-29,236.93,237.16,234.59,236.69,8553.57
310,2015-05-30,236.69,236.76,231.66,233.23,10348.754
311,2015-05-31,233.23,233.65,228.84,230.42,9799.734
312,2015-06-01,230.42,231.75,220,222.17,17839.12
313,2015-06-02,222.17,226.28,221.41,224.94,11218.756
314,2015-06-03,224.94,227,222.02,224.54,11517.098
315,2015-06-04,224.54,225.85,223.24,224,10541.187
316,2015-06-05,223.91,225.52,222.22,224.53,11620.224
317,2015-06-06,224.53,225.76,223,224.93,8022.862
318,2015-06-07,224.82,226.03,221.04,222.41,9156.016
319,2015-06-08,222.43,229.14,222.22,228,15365.586
320,2015-06-09,228,230.41,227.24,228.84,10260.181
321,2015-06-10,228.77,229.23,227.25,228.43,6819.3
322,2015-06-11,228.41,229.9,228,229.49,6725.542
323,2015-06-12,229.45,230.89,229.03,229.8,7991.369
324,2015-06-13,229.8,232.89,228.77,232.08,9617.124
325,2015-06-14,232.08,235.51,231.64,233.79,8953.824
326,2015-06-15,233.79,238.4,233.51,237.19,13423.397
327,2015-06-16,237.19,256.45,236.07,250.3,23416.878
328,2015-06-17,250.29,259.24,245.61,248.96,23414.603
329,2015-06-18,248.96,251.02,242.5,248.73,16241.7
330,2015-06-19,248.73,250.95,241.57,243.11,12626.066
331,2015-06-20,243.04,245.62,237.92,244.5,14000.4958
332,2015-06-21,244.37,244.65,240.24,243.24,4713.362
333,2015-06-22,243.24,248.54,242.99,247.14,9451.15
334,2015-06-23,247.14,247.24,242.01,243.66,8715.759
335,2015-06-24,243.66,243.85,238.61,239,10842.611
336,2015-06-25,239.02,242.7,238.29,241.71,9070.783
337,2015-06-26,241.71,242,239.03,241.39,7315.375
338,2015-06-27,241.39,251.36,240.62,250.5,13425.955
339,2015-06-28,250.5,251.21,246.14,248.37,8628.625
340,2015-06-29,248.24,257.32,247.85,257.23,15872.6404
341,2015-06-30,257.07,268.36,255.36,262.87,16276.6145
342,2015-07-01,262.87,264.68,254.42,258.18,12810.75
343,2015-07-02,258.18,261.69,252.8,254.37,9190
344,2015-07-03,254.34,256.8,250.92,256.13,8551.029
345,2015-07-04,256.2,261.55,252.65,260.7,8632.741
346,2015-07-05,260.7,277.06,256.85,272.47,20348.58150043
347,2015-07-06,272.35,278.78,267.85,270.44,9876.63635864
348,2015-07-07,270.44,272.81,263.61,265.71,5482.888
349,2015-07-08,265.71,274.84,264,270.49,5283.1664
350,2015-07-09,270.53,273,265.51,269.72,6067.0274
351,2015-07-10,269.72,304.73,268.51,284.1,20543.3229
352,2015-07-11,284.1,302.56,282.49,293.58,6222.384
353,2015-07-12,293.58,313.99,292.07,311.19,6385.452
354,2015-07-13,311.21,311.22,270.39,291.72,4698
355,2015-07-14,291.72,299,285.55,288.14,6836.186
356,2015-07-15,288.09,293.2,282.99,284.88,9738.636
357,2015-07-16,284.93,290.58,273,278.36,18072.5303
358,2015-07-17,278.77,280.79,269.68,279.83,10423.267
359,2015-07-18,279.83,283.43,275.16,276.27,9507.548
360,2015-07-19,276.27,278.56,272.22,273.38,6750.752
361,2015-07-20,273.23,280.1,271.98,279.65,8484.168
362,2015-07-21,279.65,281.46,273.81,275.02,8457.034
363,2015-07-22,274.88,277.04,271.98,276.51,7070.006
364,2015-07-23,276.51,277.42,273.96,274.76,8255.32
365,2015-07-24,275.07,289.12,273.95,287.91,12078.13
366,2015-07-25,287.91,291.86,284.13,288.99,7920.415
367,2015-07-26,288.99,293.13,286.54,291.81,4669.456
368,2015-07-27,291.61,296.24,285.18,293.63,10394.389
369,2015-07-28,293.63,297.68,293.19,294.33,7999.838
370,2015-07-29,294.34,294.65,287.07,288.51,9547.102
371,2015-07-30,288.51,289.9,285.59,287.37,8829.2943
372,2015-07-31,287.37,289.2,280.45,284.25,9270.805
373,2015-08-01,284.42,284.9,275.66,279.43,7630.708
374,2015-08-02,279.43,282.78,275,281.24,8612.152
375,2015-08-03,281.24,284.54,278.25,280.27,10067.9505
376,2015-08-04,280.28,286.54,280.27,285.14,9063.731
377,2015-08-05,285.14,286.06,281.2,282.15,8486.749
378,2015-08-06,282.1,282.2,277.4,278.8,6827.03
379,2015-08-07,278.92,280.91,275.39,280.9,6217.925
380,2015-08-08,280.9,280.99,258.7,260.02,10667.793
381,2015-08-09,260.23,266.01,258.7,263.13,9884.798
382,2015-08-10,263.09,267.18,260.69,264.44,10772.842
383,2015-08-11,264.44,270.57,262,269.71,12365.874
384,2015-08-12,269.62,272.4,263.39,264.85,14653.06
385,2015-08-13,264.77,266.76,261.01,262.94,14264.352
386,2015-08-14,262.9,267.72,259,264.6,12961.519
387,2015-08-15,264.6,266.56,258.99,260.67,10679.689
388,2015-08-16,260.67,262.07,255.4,256.53,15118.251
389,2015-08-17,256.53,259.43,249.02,257,12368.483
390,2015-08-18,256.92,257.3,214.49,221.58,27467.841
391,2015-08-19,221.58,237.47,221.32,227.24,38987.808
392,2015-08-20,227.24,238.9,226.53,234.96,21277.097
393,2015-08-21,234.96,236.73,231.34,232.5,13100.02
394,2015-08-22,232.5,235.97,220.5,230.03,17141.879
395,2015-08-23,229.99,233.59,223.99,227.19,14003.332
396,2015-08-24,227.29,228.71,208.44,210.36,69174.128
397,2015-08-25,210.3,224.6,195.6,219.5,31130.10812286
398,2015-08-26,219.5,230.64,218.36,224.61,13827.005
399,2015-08-27,224.61,228.55,222.1,223.96,8914.724
400,2015-08-28,223.96,234.64,220,231.36,11319.836
401,2015-08-29,231.32,233.65,226.38,229.74,6176.523
402,2015-08-30,229.74,232.09,224.77,229.09,6264.042
403,2015-08-31,229.02,232.08,225,229.66,8196.718
404,2015-09-01,229.66,230.95,226,227.68,8497.625
405,2015-09-02,227.68,230.81,225.75,229.44,7307.2692
406,2015-09-03,229.45,229.87,225.92,227.08,6928.665
407,2015-09-04,227.08,231.6,226.71,230.41,7238.4008
408,2015-09-05,230.41,237,229,234.85,7414.946
409,2015-09-06,234.9,243.54,234.38,239.32,9472.898
410,2015-09-07,239.32,242.09,238.22,239.74,6202.288
411,2015-09-08,239.75,245.69,239.75,242.94,10325.5578
412,2015-09-09,242.93,245.2,237.55,238.95,8016.4317
413,2015-09-10,238.95,240.51,236,238.79,7069.257
414,2015-09-11,238.79,241.92,238.73,240.32,6810.691
415,2015-09-12,240.36,240.52,234.12,235.16,6129.15
416,2015-09-13,235.16,236.02,229.07,230.85,7179.543
417,2015-09-14,230.85,232.8,227,230.8,8177.61
418,2015-09-15,230.76,232.66,229.93,230.55,5685.3317
419,2015-09-16,230.56,231.55,226.02,229.3,6091.359
420,2015-09-17,229.3,234.74,228.73,233.16,8063.7561
421,2015-09-18,233.19,234.29,231.16,233,6088.829
422,2015-09-19,233,233.39,231,231.51,4856.078
423,2015-09-20,231.51,232.34,230.04,230.64,4385.936
424,2015-09-21,230.64,231.23,224.2,227.18,7533.991
425,2015-09-22,227.18,235.09,225.04,230.8,8376.259
426,2015-09-23,230.84,232.69,229.75,230.48,5397.099
427,2015-09-24,230.48,236.04,230.03,234.61,8368.771
428,2015-09-25,234.61,238,233.81,235.13,7454.992
429,2015-09-26,235.13,235.35,233.01,234.26,6430.4
430,2015-09-27,234.17,234.67,233.01,233.37,4305.475
431,2015-09-28,233.37,241.28,233.01,240.17,8744.848
432,2015-09-29,240.17,242,236.26,236.77,8048.402
433,2015-09-30,236.77,238.08,235.23,236.36,5327.035
434,2015-10-01,236.37,238.82,236.19,237.86,5615.54
435,2015-10-02,237.88,239.2,236.86,237.75,5544.025
436,2015-10-03,237.75,239.95,237.34,239.54,4542.206
437,2015-10-04,239.54,239.86,238.01,238.77,4056.774
438,2015-10-05,238.77,241.01,237.83,240.65,7165.9878
439,2015-10-06,240.65,248.36,240.45,246.83,8078.434
440,2015-10-07,246.83,247.89,243.08,243.42,6349.895
441,2015-10-08,243.42,245.37,242.78,243.45,5513.948
442,2015-10-09,243.44,245.22,243.01,244.88,5384.675
443,2015-10-10,244.86,245.78,243.42,245.45,5256.592
444,2015-10-11,245.45,248.33,245.22,247.85,5370.628
445,2015-10-12,247.85,248.69,245.61,246.48,6125.157
446,2015-10-13,246.48,253.3,244.38,251.17,9370.371
447,2015-10-14,251.17,255.07,249.48,253.29,7699.11
448,2015-10-15,253.29,257.53,253,255.83,7728.022
449,2015-10-16,255.83,268.34,255,264.71,12913.738
450,2015-10-17,264.71,278.79,263.77,273.74,16750.11
451,2015-10-18,273.74,275.63,260.37,264.56,9381.489
452,2015-10-19,264.56,268.06,262.67,265.74,10056.11
453,2015-10-20,265.76,272.71,264.87,270.84,9903.422
454,2015-10-21,270.85,272.49,264,267.98,8496.452
455,2015-10-22,267.98,280.62,267.45,275.59,11702.862
456,2015-10-23,275.59,281.15,275.01,279.03,10390.256
457,2015-10-24,279.03,284.9,278.98,283.98,8171.676
458,2015-10-25,283.99,298,282.99,283.71,16581.945
459,2015-10-26,283.98,287.31,280.84,287.1,12220.634
460,2015-10-27,287.1,298.78,286.7,295.46,13631.389
461,2015-10-28,295.29,309.08,295.13,306.34,13923.224
462,2015-10-29,306.34,320.93,303.08,317.52,18141.485
463,2015-10-30,317.54,344.95,314.35,328.71,10995.822
464,2015-10-31,328.41,339,307.48,316.16,4240.884
465,2015-11-01,316.16,332.56,313.79,329.99,5857.626
466,2015-11-02,330.06,372.34,325.92,365.3,47080.234
467,2015-11-03,365.2,420.42,358.67,411.48,81126.705
468,2015-11-04,411.53,503.98,366,412.01,30782.205
469,2015-11-05,412,454.41,380.48,390.33,17639.427
470,2015-11-06,390.5,400,351.7,375.28,45381.992
471,2015-11-07,375.4,394.9,373,386.76,13813.944
472,2015-11-08,386.72,391,365.41,372.51,16239.534
473,2015-11-09,372.52,386.06,360.82,382.23,29601.1867972
474,2015-11-10,382.21,384.19,325,339,36213.71059
475,2015-11-11,339.13,342.85,291.69,314.73,38748.725
476,2015-11-12,314.73,352.78,314.28,337.16,27359.099
477,2015-11-13,337.16,343.19,322.97,336.13,14474.231
478,2015-11-14,336.13,338.37,327.56,333.56,10681.705
479,2015-11-15,333.5,335.38,312.22,320.21,13395.168
480,2015-11-16,320.21,334.07,315,331.44,12737.732
481,2015-11-17,331.5,340,329.78,335.07,13477.149
482,2015-11-18,335.07,337.99,328.94,334.42,12910.024
483,2015-11-19,334.27,335.22,320.59,326.14,15822.57
484,2015-11-20,326.14,326.94,307.38,321.31,27328.401
485,2015-11-21,321.31,328.99,319.38,327.94,11363.327
486,2015-11-22,327.94,328.21,320.53,324.95,10291.493
487,2015-11-23,324.9,326,320.58,323.09,11422.052
488,2015-11-24,323.09,324.99,315.04,319.84,12514.737
489,2015-11-25,319.83,330.71,315.5,327.74,18384.974
490,2015-11-26,328.07,368.98,327.77,353.4,42356.2448
491,2015-11-27,353.06,364.99,345.31,358.63,25008.709
492,2015-11-28,358.63,361,351.51,357.96,15098.119
493,2015-11-29,357.95,373.03,355.04,370.68,17660.443
494,2015-11-30,370.68,382.4,369.11,377.18,30273.7003
495,2015-12-01,377.18,379.69,353.16,362.44,25837.962
496,2015-12-02,362.44,364.39,346.82,359.89,22900.031
497,2015-12-03,360.05,374.87,355.95,361.46,20332.168
498,2015-12-04,361.46,365,354.24,363.55,15195.309
499,2015-12-05,363.55,392.27,363.55,390.17,26231.6685
500,2015-12-06,389.91,404.87,385.15,388,36539.9624
501,2015-12-07,388,402,382.41,396.63,24460.0976
502,2015-12-08,396.62,417.89,391.3,416.33,20590.165
503,2015-12-09,416.33,426.77,408.57,418.24,30585.291
504,2015-12-10,418.24,422.85,412.62,415.43,19011.562
505,2015-12-11,415.48,457.18,415.43,452.99,34342.9361
506,2015-12-12,452.98,474.01,406.24,434.57,42578.7758
507,2015-12-13,435.13,442,425,435.7,21257.3259
508,2015-12-14,435.69,450,429.59,445.63,20309.147
509,2015-12-15,445.63,467.71,445.49,466.78,29408.114
510,2015-12-16,466.78,467,436.3,456.56,34625.5948
511,2015-12-17,456.66,461.98,450,457.53,17145.5201
512,2015-12-18,457.54,468.97,456,466,18640.151
513,2015-12-19,466,468.46,453.08,464.26,11876.8357
514,2015-12-20,464.24,464.7,430.02,442.43,28534.281
515,2015-12-21,442.43,444.63,422.59,438.86,29610.792
516,2015-12-22,438.77,444.24,434.41,437.21,17004.425
517,2015-12-23,437.21,445.87,437.2,443.46,16055.921
518,2015-12-24,443.55,464.09,442.78,451.86,23908.211
519,2015-12-25,451.86,458.49,451.86,454.75,10579.344
520,2015-12-26,454.75,457.63,393.22,414.6,46675.52
521,2015-12-27,414.6,423.42,402.69,421.88,18229.228
522,2015-12-28,421.88,429.61,416.01,422.3,17825.013
523,2015-12-29,422.3,434.25,418.62,433.86,17310.447
524,2015-12-30,433.99,434.1,419.63,426.41,17289.75
525,2015-12-31,426.41,433.01,415,430.63,17062.092
526,2016-01-01,430.63,439.95,425.15,434.58,14543.2778
527,2016-01-02,434.83,439.27,430.97,433.22,10542.168
528,2016-01-03,433.22,434.4,422.9,430.37,14490.526
529,2016-01-04,430.37,435.75,429.37,433.94,13435.273
530,2016-01-05,433.94,435.08,428,431.53,13352.019
531,2016-01-06,431.53,431.73,423.5,428.83,12012.869
532,2016-01-07,428.85,461.5,427.48,459.03,29549.6906
533,2016-01-08,459.13,463.29,447.66,452.98,20079.05
534,2016-01-09,452.98,455.73,445.6,448.27,10576.536
535,2016-01-10,448.31,449.58,437.87,448.66,12876.285
536,2016-01-11,448.66,451.86,442.58,446.73,14207.072
537,2016-01-12,446.74,448.17,428,430.05,15574.626
538,2016-01-13,429.7,436.18,415,431.66,21837.06
539,2016-01-14,431.67,432.17,426.27,429.35,11858.392
540,2016-01-15,429.35,429.38,357.24,358,57547.082
541,2016-01-16,357.95,390.42,351.26,387.42,36965.7701
542,2016-01-17,387.42,391,378.4,380.42,15756.185
543,2016-01-18,380.41,387.06,373.16,386,15137.369
544,2016-01-19,386,386.89,377.24,379.05,16413.61
545,2016-01-20,379.09,427.37,375.01,418.83,43346.7404
546,2016-01-21,418.98,422.99,403.96,409.92,22089.902
547,2016-01-22,409.88,410.07,374.01,380.95,34412.905
548,2016-01-23,380.95,394.64,380.3,386.03,15893.372
549,2016-01-24,386.54,406.16,385.48,402.65,17273.904
550,2016-01-25,402.68,402.8,386.36,390.35,18178.0319
551,2016-01-26,390.28,397.5,387.52,390.72,16691.174
552,2016-01-27,390.88,397.22,389.63,394.19,11678.41
553,2016-01-28,394.21,395.49,375.5,380.08,18267.718
554,2016-01-29,380.09,386.74,362.72,378.13,34337.09
555,2016-01-30,378.13,381.11,374.8,376.33,11195.51
556,2016-01-31,376.33,379.53,363,366.49,12899.391
557,2016-02-01,366.55,379.99,365.65,370.85,18449.605
558,2016-02-02,370.85,376.15,370.85,372.82,14833.281
559,2016-02-03,372.99,374.98,367,369.2,15809.76
560,2016-02-04,369.2,392.12,368.62,389.65,26308.5077
561,2016-02-05,389.67,391,385.01,386.12,15575.222
562,2016-02-06,386.12,386.24,372.9,377.29,16377.628
563,2016-02-07,377.29,383.28,375.97,377.63,10759.108
564,2016-02-08,377.63,381.72,371.69,371.78,19990.988
565,2016-02-09,371.78,377.6,371.41,375.11,19117.102
566,2016-02-10,375.11,385.62,374.28,383.64,24209.157
567,2016-02-11,383.64,385.04,376.26,380.75,17311.26
568,2016-02-12,380.75,386.75,380.26,384.99,15588.5507
569,2016-02-13,384.97,396.15,384.97,395.14,10873.946
570,2016-02-14,395.14,408.98,395.14,408.18,14819.6645
571,2016-02-15,408.18,412.13,397.84,400.5,21079.01433949
572,2016-02-16,400.5,409.5,400.5,407.64,21580.489
573,2016-02-17,407.64,422.65,405.62,417.81,22496.5973
574,2016-02-18,417.89,427.82,416.58,423.84,17869.7
575,2016-02-19,423.84,427,417.89,421.75,15547.808
576,2016-02-20,421.75,442.97,421.15,437.63,24646.5769
577,2016-02-21,437.62,448.32,425,439.42,22109.116
578,2016-02-22,439.44,440.98,432.18,437.93,13957.133
579,2016-02-23,438.12,442.42,415,419.24,22285.743
580,2016-02-24,419.24,425.37,409.76,424.25,15296.1215
581,2016-02-25,424.26,427.78,417.21,423.37,11979.8809
582,2016-02-26,423.37,432.11,419.07,431.89,14507.938
583,2016-02-27,431.81,433.59,429.01,431.68,10534.663
584,2016-02-28,431.74,435.76,420.02,432.79,14105.8819
585,2016-02-29,432.81,442.49,430.35,436.47,17183.087
586,2016-03-01,436.47,439.5,429,434.78,17382.804
587,2016-03-02,434.78,435.52,420.61,421.84,15222.475
588,2016-03-03,421.83,424.15,416,418.41,16819.364
589,2016-03-04,418.71,422.13,407.14,408,16470.659
590,2016-03-05,408,410.21,392.36,400.29,20870.492
591,2016-03-06,400.16,411.56,395.06,406.9,11881.648
592,2016-03-07,406.91,415.8,404.93,414.02,12508.155
593,2016-03-08,414.03,417.98,408.94,412.65,13440.945
594,2016-03-09,412.66,414.64,408.93,412.65,12474.26
595,2016-03-10,412.84,416.39,410.62,416.26,11312.984
596,2016-03-11,416.23,422.82,415.76,420.35,14989.146
597,2016-03-12,420.35,421.04,407.05,409.62,15030.219
598,2016-03-13,409.7,416.13,409.62,412.49,10481.861
599,2016-03-14,412.49,415.7,412.21,414.73,10564.949
600,2016-03-15,414.73,418,411.98,414.72,11455.435
601,2016-03-16,414.72,416.29,412.72,415.43,11970.247
602,2016-03-17,415.43,419.34,415.17,418.34,9944.905
603,2016-03-18,418.22,418.3,403.48,406.57,11270.074
604,2016-03-19,406.58,408.24,395.65,405.88,8181.771
605,2016-03-20,405.91,411.33,405.78,409.46,9178.161
606,2016-03-21,409.46,411.42,405.55,410.87,12038.437
607,2016-03-22,410.87,417.69,410.1,416.6,12826.037
608,2016-03-23,416.76,418.72,414.43,416.51,10182.278
609,2016-03-24,416.51,416.86,412.59,413.95,11378.212
610,2016-03-25,413.96,416.53,412.43,414.47,9615.633
611,2016-03-26,414.58,417.45,413.72,416.41,8926.714
612,2016-03-27,416.42,427,415.77,425.01,16644.032
613,2016-03-28,425.01,425.39,420.32,421.8,11911.918
614,2016-03-29,421.8,424.47,404.55,413.97,15272.591
615,2016-03-30,413.97,414.85,406.9,410.73,12041.849
616,2016-03-31,410.74,415.98,410.74,413.7,11835.767
617,2016-04-01,413.73,416,412.42,415.99,8297.754
618,2016-04-02,416,421.13,415.47,419.66,5351.622
619,2016-04-03,419.67,420.75,417.42,419.34,4690.751
620,2016-04-04,419.34,420.04,417.25,418.8,4736.4
621,2016-04-05,418.8,425,418.51,421.61,7080.375
622,2016-04-06,421.84,422.78,419.56,421.55,5483.556
623,2016-04-07,421.55,422.19,417.8,420.1,5632.59
624,2016-04-08,420.11,422.95,413.98,416.62,7905.348
625,2016-04-09,416.62,417.37,409.38,416.83,5528.947
626,2016-04-10,416.83,420.98,415.71,419.76,4409.198
627,2016-04-11,419.76,421.95,417.75,421.31,7166.257
628,2016-04-12,421.31,426.76,420.59,424.49,9858.2477
629,2016-04-13,424.72,426.45,420.97,423.81,6167.904
630,2016-04-14,423.8,425.01,422.02,424.01,5167.577
631,2016-04-15,424.02,429.28,423.59,429.17,8769.737
632,2016-04-16,429.17,431.88,427.5,428.9,5296.6528
633,2016-04-17,428.9,431.07,424.92,426.31,5364.441
634,2016-04-18,426.31,429.09,426.04,428.02,6615.56
635,2016-04-19,428.03,436.58,426.75,434.66,7889.759
636,2016-04-20,434.66,444,431.14,441.33,10378.857
637,2016-04-21,441.34,451.4,439.77,449.62,9327.668
638,2016-04-22,449.63,450.55,442.47,446.4,7237.3149
639,2016-04-23,446.4,453.58,444.02,451.61,6286.176
640,2016-04-24,451.61,459.44,447.94,457.31,9475.61350667
641,2016-04-25,457.3,465.73,452.76,459.52,9513.515
642,2016-04-26,459.6,470,459.11,466.02,10483.5039
643,2016-04-27,466.02,468.12,442,444.06,13723.1278
644,2016-04-28,444.43,449.79,431,448.79,12027.175
645,2016-04-29,448.8,456.88,444.1,455.11,8711.4739
646,2016-04-30,455.12,456.32,444.1,447.52,6404.1681
647,2016-05-01,447.6,452.92,446.01,451.45,4799
648,2016-05-02,451.47,452.31,440.05,443.51,10408.9729
649,2016-05-03,443.52,450,440.75,447.31,10898.0961
650,2016-05-04,447.31,448.19,442.92,444.77,8621.0445
651,2016-05-05,444.77,448.32,443.51,447,8840.0913
652,2016-05-06,447,461.62,444.02,458.78,10872.7303
653,2016-05-07,458.79,460.22,452.42,457.85,6669.749
654,2016-05-08,457.85,459.51,455,457.71,4686.236
655,2016-05-09,457.7,465.15,454.6,459.96,10439.463
656,2016-05-10,459.97,461.82,445.39,448.89,11227.032
657,2016-05-11,448.89,454.94,448.56,449.72,6918.853
658,2016-05-12,449.77,454.96,446.21,453.69,7519.6703
659,2016-05-13,453.69,456.93,447.49,454.43,4962.194
660,2016-05-14,454.43,456.69,453.02,454.82,3925.613
661,2016-05-15,454.82,458.86,454.01,456.54,4408.848
662,2016-05-16,456.56,459.31,448.63,451.67,7721.7624
663,2016-05-17,451.67,455.72,451,451.55,6887.743
664,2016-05-18,451.64,455,451.05,452.43,4965.1132
665,2016-05-19,452.43,453.94,438,438,8001.773
666,2016-05-20,438,453.73,436.67,442.24,8172.924
667,2016-05-21,442.24,444.7,440.35,442.6,3214.07
668,2016-05-22,442.59,443.48,434.86,437.54,4774.283
669,2016-05-23,437.73,445.2,436.99,443.27,5563.149
670,2016-05-24,443.27,446.52,442.55,444.11,4394.163
671,2016-05-25,444.16,450,444.16,448.4,5226.651
672,2016-05-26,448.4,454.89,447.01,454.83,5337.55
673,2016-05-27,454.83,485,454.83,477.08,21325.409
674,2016-05-28,478.63,538.75,476.57,531.64,8515.378
675,2016-05-29,531.64,557.19,510.01,524.59,6317.4032
676,2016-05-30,524.59,558.92,516.2,540.66,9033.1
677,2016-05-31,540.64,550.88,510.51,532.73,15964.442
678,2016-06-01,532.73,544.74,525.21,537.38,9874.78
679,2016-06-02,537.38,543.62,530.74,537.41,8124.504
680,2016-06-03,537.41,575,535.22,570.68,13067.214
681,2016-06-04,570.68,603.45,562.95,571.45,9851.653
682,2016-06-05,571.46,585,567.08,573.48,6525.054
683,2016-06-06,573.47,589.95,572.95,586.4,6441.2206
684,2016-06-07,586.4,595.41,565.12,577.84,9116.426
685,2016-06-08,577.83,584.89,560,583.55,5595.54
686,2016-06-09,583.65,583.7,570.25,576.62,4983.605
687,2016-06-10,576.62,581.03,572,578.94,5135.374
688,2016-06-11,578.98,615.54,578.41,612.54,5869.744
689,2016-06-12,612.53,700,605,686.6,23441.099
690,2016-06-13,686.59,738.42,669.46,705.41,14767.9926
691,2016-06-14,705.41,705.44,662.8,689.85,13287.1504
692,2016-06-15,689.91,699,675.65,694.3,8055.806
693,2016-06-16,694.3,773.97,694.3,768.8,25516.392
694,2016-06-17,768.8,775,708.63,743.93,17574.9645
695,2016-06-18,743.94,776.93,725.01,753.95,11724.51
696,2016-06-19,753.95,768.38,742,764.41,5873.991
697,2016-06-20,764.47,770,718,739.84,15105.303
698,2016-06-21,739.07,739.84,626,661.55,20948.6024
699,2016-06-22,661.55,677.92,581,593.76,22104.849
700,2016-06-23,594.46,633,540,621.87,26184.022668
701,2016-06-24,621.87,675.78,610.71,661.69,18703.7543
702,2016-06-25,661.98,691,640,664.05,11244.4403
703,2016-06-26,664.05,666.61,606.27,624.29,9500.866
704,2016-06-27,624.34,656.12,610,655.79,12431.295
705,2016-06-28,655.58,659.43,632.01,645.83,10859.393
706,2016-06-29,645.66,645.66,622.57,640.52,8085.342
707,2016-06-30,640.68,676,634.58,673.85,10416.722
708,2016-07-01,673.92,688.5,667.71,678.22,8491.355
709,2016-07-02,678.48,704.93,675.89,704.78,9553.3688
710,2016-07-03,705,705,644,656.11,11789.1585
711,2016-07-04,656.62,684.91,643.32,683.5,5443.0179
712,2016-07-05,683.5,683.5,659.38,666.31,6163.2599
713,2016-07-06,666.31,679.2,665,674.25,5533.2874
714,2016-07-07,674.24,679,609.82,637.2,15563.306
715,2016-07-08,637.19,665,615.29,663.46,7643.8466
716,2016-07-09,663.26,663.98,626.02,649.29,10086.302
717,2016-07-10,649.29,652.41,637.46,649.09,3766.0599
718,2016-07-11,649.1,660.02,639.41,647.19,5888.99
719,2016-07-12,647.4,674.97,642.26,663.52,5592.1862
720,2016-07-13,663.29,666.97,652.25,652.26,2654.901
721,2016-07-14,652.25,662.18,646.1,657.67,2965.446
722,2016-07-15,657.67,667.42,653.01,663.5,2770.9603
723,2016-07-16,663.51,665.39,651.97,661.24,1455.9392
724,2016-07-17,661.24,682.44,661.24,678.85,2450.485
725,2016-07-18,678.85,683.01,667.3,673.53,2097.2979
726,2016-07-19,672.89,674.8,665.02,671.89,2550.69
727,2016-07-20,671.97,673.06,659.49,663.87,1849.9662
728,2016-07-21,663.87,666.65,657.94,664.32,2230.0509
729,2016-07-22,664.25,666.9,645,651.03,2510.49
730,2016-07-23,651.04,657,644.6,652.03,1756.348
731,2016-07-24,653.15,662.44,650.09,660.28,837.824
732,2016-07-25,660.64,662.15,651.75,654.11,1771.482
733,2016-07-26,654.11,656.56,642,649.03,3915.428
734,2016-07-27,649.03,659.59,646.37,655.17,2601.125
735,2016-07-28,655.17,658.7,652.54,654.99,1871.184
736,2016-07-29,654.99,660.3,652.61,656.98,1634.455
737,2016-07-30,656.98,659.24,653.93,655.73,1268.954
738,2016-07-31,655.58,655.74,620.18,620.68,4813.052
739,2016-08-01,620.68,627.31,607.23,610.65,3527.709
740,2016-08-02,610.64,616.02,477.93,531.18,14314.0432892
741,2016-08-03,531.18,566.27,521.99,558.32,10779.2208
742,2016-08-04,557.75,572.52,556.35,567.13,5711.6434
743,2016-08-05,567.52,573.05,561.66,568.11,6282.357
744,2016-08-06,568.12,585.17,560,582.96,4194.6918
745,2016-08-07,582.98,594.99,581.31,588.8,3125.8939
746,2016-08-08,588.8,594.38,584.12,586.62,3094.9396
747,2016-08-09,586.62,589,578.87,583.91,3654.9189
748,2016-08-10,583.9,600,581.4,593.14,3425.7177
749,2016-08-11,593.22,599.99,582.13,585.18,3243.737
750,2016-08-12,585.18,589.38,580.35,584.05,2648.012
751,2016-08-13,584.28,590,581.65,583.81,1293.524
752,2016-08-14,583.82,584.73,562.66,572.38,2408.009
753,2016-08-15,572.42,576.13,560.53,568.51,3009.096
754,2016-08-16,568.51,582.4,564.81,574.26,2564.542
755,2016-08-17,574.27,577.81,566,568,3185.408
756,2016-08-18,567.99,577.62,567.86,571,2949.019
757,2016-08-19,571.37,576.61,570.22,573.57,2103.668
758,2016-08-20,573.63,584.73,572.1,581.77,2076.385
759,2016-08-21,581.76,585,579.1,582.34,990.794
760,2016-08-22,582.44,588.6,577.94,586.54,2797.95
761,2016-08-23,586.19,588,575.25,580.69,2997.156934
762,2016-08-24,580.7,581.54,572.62,576.43,4860.084
763,2016-08-25,576.78,578.27,562.62,576,5281.05
764,2016-08-26,575.5,577.49,572.36,577,1517.908
765,2016-08-27,576.83,577.51,564,567.2,1925.081
766,2016-08-28,567.21,573.24,566.46,572.61,874.595
767,2016-08-29,572.64,576.07,570.51,572.89,1499.67
768,2016-08-30,572.76,579.51,572,577.21,2271.715
769,2016-08-31,577.21,577.64,570.31,572.95,2213.76
770,2016-09-01,573,573.22,568.99,570.37,1639.995
771,2016-09-02,570.37,576.27,569.07,575.05,1681.145
772,2016-09-03,575.08,610.87,572.82,601.63,3763.081
773,2016-09-04,601.62,618.07,594.31,612.47,4400.916
774,2016-09-05,612.45,614,601.62,607.97,2694.018
775,2016-09-06,608.06,611.06,603.52,609.81,1832.84
776,2016-09-07,609.81,619.01,604,613.9,3933.737
777,2016-09-08,613.9,627.64,610.9,622.14,2360.17
778,2016-09-09,622.14,624.89,614.76,620.94,3783.728
779,2016-09-10,620.94,625,618.87,621.46,698.879
780,2016-09-11,621.3,631.69,585.67,603.78,3504.776
781,2016-09-12,603.66,607.83,597.09,603.84,3767.906
782,2016-09-13,603.9,608,602.3,603.98,2319.736
783,2016-09-14,603.98,609,603,607.03,1893.945
784,2016-09-15,607.03,608.05,602.7,603.31,975.374
785,2016-09-16,603.31,608.8,602.94,604.38,1778.272
786,2016-09-17,604.38,605.22,601.99,604,1093.863
787,2016-09-18,604.08,609.22,601.88,607.34,2577.389
788,2016-09-19,607.34,609.52,604.56,608.39,3616.13
789,2016-09-20,608.4,609.85,590.31,592.2,4155.186
790,2016-09-21,591.74,596.95,583.08,595.78,4309.848
791,2016-09-22,595.78,597.5,593.62,594.7,1776.918
792,2016-09-23,594.7,601.68,590,601.16,2357.79
793,2016-09-24,601.17,602.26,598,600.01,1034.235
794,2016-09-25,600.01,601.69,595.49,596.96,1141.487
795,2016-09-26,597.05,608.85,592.66,607.3,4364.734
796,2016-09-27,607.28,608.28,600.42,603.88,1856.877
797,2016-09-28,603.85,603.89,598.97,601.31,1276.401
798,2016-09-29,601.31,605.06,596.56,603.34,2828.179
799,2016-09-30,603.4,610,597.63,607.41,2268.763
800,2016-10-01,607.99,614.67,607.99,612.98,1530.415
801,2016-10-02,612.98,613,608.69,609.36,722.907
802,2016-10-03,609.37,613.56,606.96,611.61,1983.469
803,2016-10-04,611.61,612.99,604.98,610.59,1637.93
804,2016-10-05,610.48,611.85,605.64,609.98,1346.884
805,2016-10-06,610.2,611.12,608.35,609.51,914.507
806,2016-10-07,609.51,629.9,608,615.83,3197.794
807,2016-10-08,615.95,617.87,610.14,614.3,1099.674
808,2016-10-09,614.55,614.83,609.62,612.72,1133.325
809,2016-10-10,612.72,617.5,610,617.5,4650.994
810,2016-10-11,617.49,640.08,610.06,636.28,4188.0986
811,2016-10-12,636.29,637.5,630.11,633.4,1910.657
812,2016-10-13,633.64,637,629.4,634.01,2328.587
813,2016-10-14,634.31,638,632,636.78,2499.668
814,2016-10-15,636.78,638.83,634,635.5,1060.005
815,2016-10-16,635.51,638.7,634.67,637.81,736.666
816,2016-10-17,637.82,639.99,633.57,635.94,2037.03
817,2016-10-18,635.95,639,629.68,634.92,1156.616
818,2016-10-19,634.92,635.92,618.16,625.37,2831.6965
819,2016-10-20,625.87,627.45,623.86,627.44,1055.665
820,2016-10-21,627.44,630.53,625.09,629.03,1546.377
821,2016-10-22,629.42,660,628.86,654.22,3282.971
822,2016-10-23,654.55,660.6,641.88,650.87,1608.082
823,2016-10-24,650.9,651.48,642.71,648.15,2891.778
824,2016-10-25,648.15,663.55,642,652.11,3479.458
825,2016-10-26,652.11,677.63,652.1,676.29,2942.932
826,2016-10-27,676.29,686.95,674.27,685.22,3506.085
827,2016-10-28,685.23,686.87,675.83,686.1,2144.746
828,2016-10-29,686.11,722.29,686.11,712.96,3637.972
829,2016-10-30,713.24,713.24,681.43,699.35,1911.227
830,2016-10-31,699.71,708.49,680,697.95,1988.319
831,2016-11-01,698.89,735.14,698.88,728.92,3834.507
832,2016-11-02,730.04,742.54,717.95,741.78,3731.8644
833,2016-11-03,741.33,745.58,665.04,685.13,7785.729
834,2016-11-04,685.61,703.28,681.5,697.49,2606.407
835,2016-11-05,697.5,706.29,691.58,699.87,1857.376
836,2016-11-06,699.88,710.77,691.04,709.56,2189.688
837,2016-11-07,709.56,709.56,695,701.9,1740.397
838,2016-11-08,701.9,715.5,698.25,706.79,1751.474
839,2016-11-09,707,735.89,704.3,721.33,4143.3746
840,2016-11-10,721.33,722.39,706.56,713.5,1877.077
841,2016-11-11,713.5,721.04,711.5,716.69,1267.517
842,2016-11-12,716.69,721,700.09,703.76,1650.943
843,2016-11-13,703.76,703.76,684,700.69,1749.111
844,2016-11-14,700.69,708,697.08,705.58,753.934
845,2016-11-15,705.58,717.11,705,712.45,1203.874
846,2016-11-16,712.45,752,709,746.81,8006.1417
847,2016-11-17,746.81,760.97,736,740.12,3837.99
848,2016-11-18,740.18,753.83,733.02,752,3104.912
849,2016-11-19,752,759,737.66,750.39,2034.308
850,2016-11-20,750.39,755.63,707,725.22,3563.881
851,2016-11-21,726.28,739.22,722.34,735.84,2376.222
852,2016-11-22,735.84,755.5,729.99,749.92,4868.001
853,2016-11-23,749.92,751.77,728.02,742.25,3489.645
854,2016-11-24,742.65,745.45,715,734.21,2233.636
855,2016-11-25,734.21,737.07,723,736,2077.059
856,2016-11-26,736,737.6,720.37,731.42,1389.981
857,2016-11-27,731.42,736.33,726,727.66,1231.787
858,2016-11-28,727.7,739,727.7,733.33,2810.208
859,2016-11-29,733.78,735.75,727,731.69,2235.212
860,2016-11-30,731.69,744.52,730,740,2174.439
861,2016-12-01,740,756,740,753.7,2663.434
862,2016-12-02,753.7,778.4,753.7,773.71,4967.097
863,2016-12-03,773.36,775.79,757.62,765.53,1219.705
864,2016-12-04,765.53,770.01,761,768.99,1506.577
865,2016-12-05,768.98,770,744.48,750.7,3640.306
866,2016-12-06,750.71,760.9,748,756.7,1989.127
867,2016-12-07,756.7,767,750.69,762.39,1863.19
868,2016-12-08,762.39,771.36,758.76,766.02,1644.5
869,2016-12-09,766.02,771.6,763.99,769.23,2208.9
870,2016-12-10,769.32,778.1,769.24,772.15,1275.963
871,2016-12-11,772.21,772.5,759.6,767.68,1206.141
872,2016-12-12,767.67,781.02,767.09,778.48,1574.245
873,2016-12-13,778.48,789.23,759.93,774.61,2436.929
874,2016-12-14,775.03,780,768.79,776.4,2022.003
875,2016-12-15,776.4,778.43,772.51,775.69,1539.597
876,2016-12-16,775.77,781,770,780.4,1598.587
877,2016-12-17,780.4,796,780.4,788.6,2307.456
878,2016-12-18,788.6,789.27,785,787.11,768.537
879,2016-12-19,787.11,791.97,785.79,789.72,1148.847
880,2016-12-20,789.72,801.99,786.66,799.43,3880.657
881,2016-12-21,799.43,835.69,797.71,834.84,4864.557
882,2016-12-22,834.83,873.18,830.1,860.12,3295.888
883,2016-12-23,860.12,925.9,859.86,920.4,5239.0603
884,2016-12-24,920.6,922.5,882.37,897.31,2213.979
885,2016-12-25,897.31,897.42,860,893.36,2430.0249
886,2016-12-26,893.36,915.54,893.36,904.46,1714.911
887,2016-12-27,905.48,941.93,899.31,936.7,2339.933
888,2016-12-28,936.7,976.41,936.7,974.63,3629.186
889,2016-12-29,974.63,978.94,946.16,966.42,2348.017
890,2016-12-30,966.82,967.39,922.81,959.68,3819.5327
891,2016-12-31,959.68,965,940.57,964.26,1273.828
892,2017-01-01,965.25,1010.54,960.36,1003.2,3013.419
893,2017-01-02,1003.3,1040.8,997.94,1027.2,4077.0563
894,2017-01-03,1027.5,1038.9,1011.75,1036.93,3799.012
895,2017-01-04,1036.93,1147.87,1036.93,1140,6211.5346
896,2017-01-05,1140,1174.12,857.79,1008.45,16606.714
897,2017-01-06,1008.81,1033,820.01,896.35,13254.031
898,2017-01-07,896.35,908.9,804.66,903.68,6820.735
899,2017-01-08,906.87,940,880.35,907.13,3962.7
900,2017-01-09,908.26,910.96,862.91,899.68,2173.5555
901,2017-01-10,899.81,915,896.3,902.28,1764.53
902,2017-01-11,902.29,922.4,714,748.59,13814.290859
903,2017-01-12,748.6,811.66,705.01,786.49,4766.2385
904,2017-01-13,787.03,827.09,746.08,818.58,2991.377
905,2017-01-14,818.08,832.6,790.17,804.9,1639.908
906,2017-01-15,804.9,814.05,795.15,809.4,1560.513
907,2017-01-16,809.22,830.8,806.82,822.18,1584.7807
908,2017-01-17,822.18,908.01,819,900.15,4308.49
909,2017-01-18,900.01,912.58,828.81,874.63,4404.7019
910,2017-01-19,874.65,899,868.9,885.49,4279.2204
911,2017-01-20,885.49,899.37,870,882.39,2814.819
912,2017-01-21,882.39,925,865,909.16,2789.2871
913,2017-01-22,909.55,931.67,880,922.01,2480.867
914,2017-01-23,922.01,925,904.05,911.23,2132.941
915,2017-01-24,911.39,925,881.21,885,2081.11
916,2017-01-25,885,905,883.72,893.74,1672.918
917,2017-01-26,893.74,919.39,893.74,914.1,1252.5496
918,2017-01-27,914.35,920,907,914.89,1050.035
919,2017-01-28,914.89,922.75,913,918.54,455.74
920,2017-01-29,918.53,921,912.41,913.26,367.458
921,2017-01-30,913.26,919.98,912.34,916.33,743.001
922,2017-01-31,917.72,969.9,916.49,968.05,2219.1788
923,2017-02-01,968.05,989,962.39,984.98,1179.252
924,2017-02-02,984.98,1010.55,972.28,1007.46,1290.063
925,2017-02-03,1007.46,1026.04,997.05,1020,2228.561
926,2017-02-04,1020,1040,1004.9,1033.6,1367.543
927,2017-02-05,1033.6,1034.5,1008.53,1015.91,1055.712
928,2017-02-06,1015.95,1033,1013.32,1027.04,813.493
929,2017-02-07,1027.04,1053.29,1026.11,1051.9,1503.663
930,2017-02-08,1051.9,1070,1002.51,1055,4110.8637
931,2017-02-09,1055,1080.98,923.59,985.98,10227.241
932,2017-02-10,985.91,989.59,920,976.66,3097.3581
933,2017-02-11,976.64,1008.69,964.66,999.71,1896.9979
934,2017-02-12,999.65,1002,986.03,986.03,940.926
935,2017-02-13,986.04,995.9,958.88,984,2515.046
936,2017-02-14,984,1010.99,974.51,1002.5,2817.559
937,2017-02-15,1002.5,1005.49,987.54,998.01,1926.788
938,2017-02-16,998.01,1039.67,997.01,1032.27,2550.936
939,2017-02-17,1031.63,1052,1008,1042.91,5557.5142
940,2017-02-18,1042.91,1060.97,1039.58,1054.89,1307.521
941,2017-02-19,1054.97,1056.04,1037.1,1046.91,938.423
942,2017-02-20,1046.91,1079.95,1040,1074.81,1712.975
943,2017-02-21,1074.81,1121,1068.4,1114.21,3636.5935
944,2017-02-22,1114.33,1115.1,1087.48,1101.65,3898.557
945,2017-02-23,1102.94,1153.8,1096,1144.26,5807.7199
946,2017-02-24,1144.26,1193.49,1060,1168.32,6012.605
947,2017-02-25,1168.27,1179.81,1118,1140,2524.351
948,2017-02-26,1141.38,1180,1124.99,1175.57,1426.054
949,2017-02-27,1175.57,1194.89,1167.18,1190,1565.49
950,2017-02-28,1190,1210,1160.17,1185.96,2146.051
951,2017-03-01,1185.95,1233,1178,1233,2508.5494
952,2017-03-02,1233.01,1345.44,1218.01,1263.72,3635.326
953,2017-03-03,1263.72,1299,1259.12,1292.99,2638.5324
954,2017-03-04,1292.85,1294.39,1235.01,1267.93,2200.5273
955,2017-03-05,1267.93,1278.11,1244.5,1277.99,1694.064
956,2017-03-06,1277.99,1282.12,1265.88,1279.96,2015.698
957,2017-03-07,1279.96,1281.8,1179.08,1227.97,4656.349
958,2017-03-08,1227.97,1231.31,1143.97,1150.99,5954.6569
959,2017-03-09,1150.99,1209.77,1132.8,1189.88,3036.82
960,2017-03-10,1189.85,1318.97,1050,1129.47,7133.964
961,2017-03-11,1129.65,1199.74,1120.71,1187.56,2709.066
962,2017-03-12,1187.56,1236.02,1180,1230.94,1828.228
963,2017-03-13,1230.94,1250,1223.92,1245.51,2568.793
964,2017-03-14,1245.51,1258.12,1223.94,1248.88,1768.097
965,2017-03-15,1248.88,1262,1245.11,1260.61,1232.124
966,2017-03-16,1260.61,1260.89,1137.05,1176,4335.955
967,2017-03-17,1176.01,1176.01,1072,1074.01,8989.237
968,2017-03-18,1074.02,1106.05,953,973.31,9183.663
969,2017-03-19,973.31,1064.89,973.31,1023.65,3689.342
970,2017-03-20,1023.65,1058,1023.19,1040.64,2144.475
971,2017-03-21,1040.64,1120,1040.64,1117.99,3786.619
972,2017-03-22,1117.85,1118.97,995,1038,4874.466
973,2017-03-23,1038,1054.99,1017.25,1034.19,2109.691
974,2017-03-24,1034.19,1037.78,926.88,938.48,7418.33947005
975,2017-03-25,938.48,976,891.03,966.11,5107.566
976,2017-03-26,966.11,1002.84,950.04,974,4007.806
977,2017-03-27,973.99,1043.47,965.09,1040.26,4755.043
978,2017-03-28,1038.81,1062.78,1018.01,1044.9,3167.337
979,2017-03-29,1044.9,1064.45,1011.15,1042.22,2485.2106
980,2017-03-30,1042.84,1055.09,1015.3,1033.71,6160.7710275
981,2017-03-31,1033.76,1089,1033.75,1078,6370.581
982,2017-04-01,1078,1105.84,1070,1088.93,3251.98
983,2017-04-02,1088.93,1113.1,1076.11,1094.6,5092.389
984,2017-04-03,1093.03,1152.79,1092.2,1142.29,5503.184
985,2017-04-04,1142.29,1163.88,1126,1142.74,4809.115
986,2017-04-05,1142.8,1149.63,1110.01,1131.8,4980.32203708
987,2017-04-06,1131.41,1200,1130.35,1188.9,5068.802
988,2017-04-07,1188.39,1206.79,1171.78,1192.95,3830.459
989,2017-04-08,1192.95,1202.43,1169.01,1183.05,1857.171
990,2017-04-09,1183.4,1223.4,1179.77,1208.47,2099.542
991,2017-04-10,1208.47,1223,1199,1214.56,2324.31
992,2017-04-11,1214.56,1230,1205.4,1222.72,1559.424
993,2017-04-12,1222.72,1227.59,1209.63,1214.13,2278.395
994,2017-04-13,1214.52,1221.21,1151.72,1177.5,3279.194
995,2017-04-14,1177.84,1200.61,1175,1191.57,2142.985
996,2017-04-15,1191.57,1208.23,1180.75,1185.17,1137.52
997,2017-04-16,1185.55,1201.98,1181.02,1194.28,815.321
998,2017-04-17,1195.53,1222.22,1189.07,1218.6,1914.297
999,2017-04-18,1218.6,1225.95,1214,1217.35,1459.742
1000,2017-04-19,1217.29,1254.95,1205.13,1247.54,2854.517
1001,2017-04-20,1247.04,1272.28,1240.1,1264.77,2083.315
1002,2017-04-21,1265.24,1290.09,1264.88,1288.42,2437.874
1003,2017-04-22,1290.04,1296.2,1238,1258,4822.847
1004,2017-04-23,1257.99,1266.82,1220,1255.3,11957.213
1005,2017-04-24,1255.3,1255.3,1225,1228.61,4475.26931314
1006,2017-04-25,1228.61,1238,1212,1226.48,4783.487
1007,2017-04-26,1225.63,1280,1225.1,1262.49,4840.952
1008,2017-04-27,1261.04,1307.67,1252.12,1298.25,3032.306
1009,2017-04-28,1298.25,1322.1,1209,1250,4958.677
1010,2017-04-29,1250,1278.99,1247.6,1260.05,1465.566
1011,2017-04-30,1260.05,1299,1236.61,1296.46,2814.996
1012,2017-05-01,1296.34,1380,1289.41,1358.96,3925.727
1013,2017-05-02,1358.98,1428.28,1352,1396.2,3198.53
1014,2017-05-03,1395.9,1428.28,1385,1416.05,5631.61042778
1015,2017-05-04,1416,1485.88,1367.43,1413.01,6910.018
1016,2017-05-05,1413.01,1530.68,1407.04,1431.87,7109.155
1017,2017-05-06,1431.87,1474.95,1420,1474.71,3551.936
1018,2017-05-07,1474.44,1484.8,1433.77,1465.93,2911.538
1019,2017-05-08,1465.93,1559.51,1464.77,1557.7,4321.708
1020,2017-05-09,1555.82,1698,1550,1670.58,7286.733
1021,2017-05-10,1670.57,1708,1630,1674.31,8948.701
1022,2017-05-11,1674.31,1738.01,1625.5,1733,6470.051
1023,2017-05-12,1730.92,1739.57,1600,1627.81,6925.543
1024,2017-05-13,1627.81,1687.65,1525,1680.81,5802.37
1025,2017-05-14,1680.9,1729.99,1659.56,1713,1950.167
1026,2017-05-15,1713,1717.94,1497.95,1598.4,5998.263
1027,2017-05-16,1598.4,1656.03,1535.18,1624.12,3973.962
1028,2017-05-17,1623.72,1900,1571.83,1815.04,5919.182
1029,2017-05-18,1815.04,1917.56,1805.85,1885.52,3881.971
1030,2017-05-19,1885.52,1987.09,1881.6,1974.41,3678.415
1031,2017-05-20,1974.13,2204.84,1973.53,2136.42,4357.286
1032,2017-05-21,2131.83,2172.66,1988.41,2152,4012.298
1033,2017-05-22,2152.01,2407.68,2123.77,2236.13,7182.421
1034,2017-05-23,2237,2407.68,2222.65,2372.12,7842.982
1035,2017-05-24,2372.12,2667.47,2299.97,2630,9277.1327
1036,2017-05-25,2630,2913.02,2325,2443.67,8364.376
1037,2017-05-26,2444.6,2666.8,2043.49,2179.89,8750.94701245
1038,2017-05-27,2179.88,2315.02,1928.61,2198.07,7803.61612596
1039,2017-05-28,2200,2333.37,2080,2205.69,6096.23348604
1040,2017-05-29,2213.82,2324.99,2123.2,2289.01,4220.994
1041,2017-05-30,2289.01,2349,2163.13,2180,3363.713516
1042,2017-05-31,2180,2422.99,2129.78,2414,4947.683
1043,2017-06-01,2414,2567.15,2409.07,2561.81,3709.1337
1044,2017-06-02,2561.78,2637.66,2494.99,2627.88,3125.356
1045,2017-06-03,2627.88,2630,2425.38,2592.89,2181.127
1046,2017-06-04,2590.14,2630,2533.95,2625.98,1520.356
1047,2017-06-05,2625.97,2888.15,2615.08,2857.45,3348.798
1048,2017-06-06,2866.99,3095,2856,3038.74,2990.283
1049,2017-06-07,3040.56,3048,2658.84,2711.45,3718.8715962
1050,2017-06-08,2711.49,2897.79,2626.02,2885.01,2863.068
1051,2017-06-09,2887.98,2932.51,2813,2860,2270.848
1052,2017-06-10,2860.6,3045.19,2849.97,3038.52,2369.785
1053,2017-06-11,3038.52,3185.66,2947.93,3164,3583.0750152
1054,2017-06-12,3164,3165.27,2600,2753.69,4588.616
1055,2017-06-13,2760.26,2862,2749.99,2823.79,2313.62
1056,2017-06-14,2824,2896.74,2531.8,2629.89,2608.75
1057,2017-06-15,2629.89,2697.18,2350,2572,3040.048
1058,2017-06-16,2573,2700,2485.52,2652,2037.4928
1059,2017-06-17,2651.99,2823.99,2500,2747,3305.496122
1060,2017-06-18,2747,2781.92,2640.57,2746.45,2390.7147
1061,2017-06-19,2746.45,2828.27,2699,2782.12,2072.7100001
1062,2017-06-20,2782.11,2964.95,2740,2923.49,2549.2441
1063,2017-06-21,2915,2979.8,2768.81,2884.07,2267.9791
1064,2017-06-22,2898,2922.99,2767.17,2884.03,1430.6875
1065,2017-06-23,2883.04,2945,2850,2893.67,622.908
1066,2017-06-24,2893.67,2920.27,2710.15,2777.43,1354.623
1067,2017-06-25,2777.4,2919.97,2702,2866.67,1710.818
1068,2017-06-26,2867.99,2884.04,2603.98,2693.51,2748.735866
1069,2017-06-27,2693.51,2724.62,2444,2667,2045.996
1070,2017-06-28,2668.03,2750,2576.01,2679.77,1127.459
1071,2017-06-29,2678.47,2711,2569.68,2636.83,855.829
1072,2017-06-30,2637.66,2679.84,2600,2627.55,772.889
1073,2017-07-01,2620,2668.83,2550.73,2572,581.471
1074,2017-07-02,2586.93,2601.43,2431,2580.45,1193.226
1075,2017-07-03,2581,2740.24,2545.2,2688.01,1620.54
1076,2017-07-04,2688,2763.75,2653.79,2688.44,1395.659
1077,2017-07-05,2682.84,2727.93,2580,2681.14,1312.2700001
1078,2017-07-06,2681.14,2723.44,2644.94,2678.38,708.44
1079,2017-07-07,2678.36,2678.38,2550,2589.74,1143.5619
1080,2017-07-08,2589.74,2690,2520,2653.82,710.07
1081,2017-07-09,2653.82,2690,2581.8,2594.15,604.726
1082,2017-07-10,2594.15,2615.92,2450,2507.23,1402.47
1083,2017-07-11,2499.92,2540,2366,2427.45,1380.689
1084,2017-07-12,2405.9,2545.34,2340,2529.13,1221.429
1085,2017-07-13,2529.41,2560,2398.56,2437,1087.535
1086,2017-07-14,2437,2446.39,2249.7,2278.75,1444.105
1087,2017-07-15,2278.75,2296.05,2048.01,2072,2468.28568076
1088,2017-07-16,2072,2169.06,1953,2020.15,1889.8278801
1089,2017-07-17,2020.21,2314.21,2015.15,2297.07,1639.874
1090,2017-07-18,2297.07,2474.47,2232,2397.88,1972.248
1091,2017-07-19,2397.88,2485,2320.01,2396.44,1447.616
1092,2017-07-20,2396.44,2989.9,2378,2920,2506.351
1093,2017-07-21,2920,2934.76,2704.08,2782.59,1168.711
1094,2017-07-22,2782.59,2966.99,2752,2913.02,1149.454
1095,2017-07-23,2913.02,2927.92,2673.92,2795.67,1220.163
1096,2017-07-24,2789.84,2880,2733,2840.49,692.819
1097,2017-07-25,2840.5,2880,2577,2673.92,1437.7304
1098,2017-07-26,2673.95,2730,2506.76,2632.59,787.5849
1099,2017-07-27,2632.59,2824.99,2608,2805.69,883.457
1100,2017-07-28,2786.51,2949.01,2742.91,2882,1570.911
1101,2017-07-29,2882,2882,2689.65,2780.93,567.394
1102,2017-07-30,2780.94,2813.86,2700,2800,760.404
1103,2017-07-31,2799.91,2951.51,2703.33,2949.99,1090.849
1104,2017-08-01,2931.72,2965,2669.09,2754.77,2138.506
1105,2017-08-02,2754.77,2810,2713,2790.13,639.976
1106,2017-08-03,2790.13,2902,2762.02,2896.07,1031.877
1107,2017-08-04,2896.07,2992.62,2862.33,2975.89,835.441
1108,2017-08-05,2975.06,3500,2956.63,3448.92,1811.999
1109,2017-08-06,3448.92,3479.88,3275.37,3340.59,741.8483
1110,2017-08-07,3341,3565.2,3310.01,3557.95,839.525
1111,2017-08-08,3557.95,3700,3479.59,3550.73,961.576
1112,2017-08-09,3550.93,3586.94,3384.07,3490.72,894.488
1113,2017-08-10,3490.72,3584.99,3450,3502.01,540.048
1114,2017-08-11,3502,3838.88,3480.39,3802.06,794.047
1115,2017-08-12,3789.84,4152.15,3753.63,4061.44,988.915
1116,2017-08-13,4061.44,4489.99,4012.08,4268.13,2111.858
1117,2017-08-14,4275.38,4579.68,4180,4572.44,782.96
1118,2017-08-15,4572.44,4688.39,4088.41,4335.49,936.203
1119,2017-08-16,4335.49,4594.17,4133.3,4580,805.383
1120,2017-08-17,4580,4679.98,4356.3,4434,841.809
1121,2017-08-18,4434.79,4568.71,4210,4349.51,836.355
1122,2017-08-19,4315.43,4500,4210.15,4427.7,639.282
1123,2017-08-20,4427.7,4455.12,4274,4297,414.124
1124,2017-08-21,4297,4371.9,4220,4220.38,562.333
1125,2017-08-22,4220.38,4382.5,3916,4347.81,732.34
1126,2017-08-23,4326.89,4482.17,4295.1,4347.84,777.415
1127,2017-08-24,4345.67,4560.8,4318.85,4532.92,629.001
1128,2017-08-25,4532.92,4642.94,4507.27,4556.84,441.8939
1129,2017-08-26,4556.84,4572.44,4463.78,4543.46,233.757
1130,2017-08-27,4543.46,4601.43,4514.5,4594.17,504.756
1131,2017-08-28,4594.15,4623.16,4389.11,4623.16,623.877
1132,2017-08-29,4623.16,4980,4565,4831,907.115
1133,2017-08-30,4831,4920,4666.59,4782.62,740.112
1134,2017-08-31,4804.33,4988.11,4775,4852.39,783.523
1135,2017-09-01,4852.39,5001.6,4820.1,5001.6,726.67
1136,2017-09-02,5008.18,5149.96,4589.95,4746.39,1510.434
1137,2017-09-03,4746.39,4855.05,4511.99,4673.92,655.618
1138,2017-09-04,4673.92,4707.95,4205.99,4230,1672.598
1139,2017-09-05,4235.1,4507.23,3800,4444.45,1924.924674
1140,2017-09-06,4444.45,4739.01,4421,4676.01,844.9667
1141,2017-09-07,4676.01,4782.59,4570.18,4688.42,634.439
1142,2017-09-08,4688.42,4775,4021.75,4285.21,1951.00282
1143,2017-09-09,4270.97,4399.84,4006,4195.71,785.003
1144,2017-09-10,4195.71,4257,3672.71,4046.29,1057.733128
1145,2017-09-11,4049.84,4299.97,3947.04,4149.68,743.466
1146,2017-09-12,4149.68,4375.43,3999.9,4115.24,816.87842817
1147,2017-09-13,4115.24,4200,3831.08,3950.09,602.144
1148,2017-09-14,3950.09,4200,3165.27,3165.66,1931.994959
1149,2017-09-15,3165.66,4029.78,2810.46,3615.38,4388.65088523
1150,2017-09-16,3608.01,3849.96,3439.16,3605.99,1655.1530001
1151,2017-09-17,3605.99,3741.91,3500,3614.81,516.254
1152,2017-09-18,3614.81,3980,3614.81,3978,1363.359
1153,2017-09-19,3978,3980,3828,3922.79,436.389
1154,2017-09-20,3880.01,3977.9,3761,3819.99,375.87
1155,2017-09-21,3820,3874.5,3588.54,3613.3,461.717
1156,2017-09-22,3607.07,3748,3500,3599.73,396.361
1157,2017-09-23,3599.73,3850,3558.02,3743.01,256.022
1158,2017-09-24,3754.99,3792.09,3615,3669.9,91.145
1159,2017-09-25,3669.9,4038.97,3640.01,3933.95,315.423
1160,2017-09-26,3933.95,4033,3870,3925,241.522
1161,2017-09-27,3925,4271.82,3914.66,4239.6,351.573
1162,2017-09-28,4234.99,4380.01,4109.15,4188.94,653.498
1163,2017-09-29,4188.28,4268,4035,4205.63,391.108
1164,2017-09-30,4205.63,4427.9,4158.63,4407.1,310.851
1165,2017-10-01,4407.1,4444,4300,4436.56,213.881
1166,2017-10-02,4436.56,4506.02,4414.31,4435.02,297.398
1167,2017-10-03,4435.02,4479.99,4241.02,4323.03,183.56
1168,2017-10-04,4323.03,4359.9,4188.1,4268.38,129.063
1169,2017-10-05,4268.38,4359,4150.91,4341.4,93.315
1170,2017-10-06,4341.4,4446.89,4312.01,4387.23,129.71
1171,2017-10-07,4387.23,4489.5,4358.5,4487.9,88.939
1172,2017-10-08,4470,4642.42,4429.1,4618.99,290.683
1173,2017-10-09,4618.99,4934.51,4550.02,4800.02,418.583
1174,2017-10-10,4836.78,4939.99,4746.79,4796.99,420.459
1175,2017-10-11,4796.98,4999,4740,4878,264.0374
1176,2017-10-12,4878,5465.28,4829.87,5428.32,2436.4216
1177,2017-10-13,5424.37,5999,5403.73,5782,1439.5644
1178,2017-10-14,5782,5990,5669.15,5974.99,460.2892
1179,2017-10-15,5974.99,6045.89,5526.06,5836,494.2584
1180,2017-10-16,5831.51,5888.88,5637.97,5844.61,425.4644
1181,2017-10-17,5844.61,5887.26,5505.01,5641.77,662.3802
1182,2017-10-18,5641.77,5641.77,5162.47,5565.21,1394.1438
1183,2017-10-19,5565.21,5798.99,5490.83,5712.48,365.1742
1184,2017-10-20,5712.48,6180,5622,6086.52,912.2606
1185,2017-10-21,6086.52,6235.78,5950.9,6003.14,771.2572
1186,2017-10-22,6003.14,6097.3,5730,6010.97,614.2204
1187,2017-10-23,6007.33,6062.79,5673,5930,894.196
1188,2017-10-24,5930,6060,4900,5553,1224.656
1189,2017-10-25,5553,5799.99,5400,5749.14,564.8724
1190,2017-10-26,5749.14,6051.7,5724.15,5984.1,359.846
1191,2017-10-27,5984.1,6051.14,5755.4,5818.49,392.6884
1192,2017-10-28,5818.49,5956.6,5666.81,5776.87,276.906
1193,2017-10-29,5776.87,6353.61,5700.13,6150.11,1024.9064
1194,2017-10-30,6200,6332.99,6110.01,6258.14,710.4626
1195,2017-10-31,6208.36,6565.78,6180.02,6565.76,771.5512
1196,2017-11-01,6530,6745.95,6468,6745.95,1026.0366
1197,2017-11-02,6745.95,7290.19,6735.6,7093.97,1635.2084
1198,2017-11-03,7093.97,7457,6979.54,7284.16,927.998
1199,2017-11-04,7282.18,7568.2,7001,7414.09,422.8826
1200,2017-11-05,7414.09,7687.96,7345,7460.43,557.325
1201,2017-11-06,7420,7608,7055.05,7100,980.3834
1202,2017-11-07,7100,7358,7056.83,7277.04,732.1996
1203,2017-11-08,7277.04,8139.11,7184.31,7654.32,1314.4646
1204,2017-11-09,7604.01,7660.55,7100,7243,870.6952
1205,2017-11-10,7201.02,7413.29,6500,6626.7,1163.7546
1206,2017-11-11,6668.76,6935.05,6223.69,6448,1522.7062
1207,2017-11-12,6429.99,6700,5700,6026.09,4209.5994
1208,2017-11-13,6063.48,6867.49,6006.74,6715.83,1052.0918
1209,2017-11-14,6661.85,6888.28,6600,6735.7,545.5766
1210,2017-11-15,6787.66,7400.5,6750.62,7400.5,548.6572
1211,2017-11-16,7400.5,8091.26,7205.01,7948.51,999.3426
1212,2017-11-17,7990.71,8131,7605.01,7700.85,1208.7852232
1213,2017-11-18,7700,7843.12,7413.17,7738.62,665.8194
1214,2017-11-19,7738.62,8050.55,7619.26,8031.34,594.16988024
1215,2017-11-20,8031.4,8227.84,7944,8175.24,461.8838
1216,2017-11-21,8175.24,8300,7805,8066.96,892.0228
1217,2017-11-22,8045,8301.74,8033.36,8199.34,456.3712
1218,2017-11-23,8199.34,8250,8005.01,8005.01,715.3846
1219,2017-11-24,8005.02,8295,7919.99,8185.88,1323.1008
1220,2017-11-25,8185.88,8660.78,8150,8658.04,665.1782
1221,2017-11-26,8658.04,9586.99,8618.84,9342.37,640.075
1222,2017-11-27,9342.37,9823.88,9342.37,9823.88,536.769692
1223,2017-11-28,9823.88,10465.88,9717.76,10053.33,820.54
1224,2017-11-29,10053.33,11636.65,9445,9985,1475.978
1225,2017-11-30,10049.91,11009.26,9280.03,10187.11,860.6918
1226,2017-12-01,10187.11,11000,9751.01,10946.7,841.6984
1227,2017-12-02,10946.7,11299.88,10735.31,11057.97,364.0588
1228,2017-12-03,11057.97,11963.88,10779.89,11439.41,544.5533772
1229,2017-12-04,11439.41,11883,10926.3,11750.65,378.387
1230,2017-12-05,11718.79,12300,11640,11939.22,492.0014
1231,2017-12-06,11939.22,15000,11939.22,14257,716.6586
1232,2017-12-07,14152.85,18499.99,13862.34,17974.84,1048.506
1233,2017-12-08,17977.84,19399.99,15364.16,17370.5,807.7248
1234,2017-12-09,17371,17547.61,14143,15921.71,768.8278
1235,2017-12-10,15921.71,16773.12,14366.63,16291.19,1052.5822
1236,2017-12-11,16291.19,18163.88,16016.36,17299.98,1117.2466
1237,2017-12-12,17299.99,17777,12200,16857.83,1107.50605602
1238,2017-12-13,16857.83,17000,15600,16128.71,554.4836
1239,2017-12-14,16128.71,16800,15260.01,16730.58,420.2422
1240,2017-12-15,16730.58,18500,16612.26,17899.98,388.209
1241,2017-12-16,17899.98,19950,17600,19943.33,293.4222
1242,2017-12-17,19800,20312.39,19000.69,19333,245.8282
1243,2017-12-18,19333,19999.1,18463.31,19056.3,340.20055258
1244,2017-12-19,19056.3,19400,17108,17555,598.0448
1245,2017-12-20,17469.81,18196.99,16003,16932.57,1085.6226
1246,2017-12-21,16932.57,17599.99,15755.01,16108.8,498.3426
1247,2017-12-22,16148.82,16500,12970,13568.67,1587.4674
1248,2017-12-23,13963,15466,13785.09,14521.07,389.5634
1249,2017-12-24,14593.82,14595,13500,14089,316.1714
1250,2017-12-25,14000.81,14750,13699.99,14180,289.2076
1251,2017-12-26,14180,16800.49,14034.92,16245,391.5766
1252,2017-12-27,16245,17380,15063.52,16010.01,226.185
1253,2017-12-28,16010.01,16092.37,14239.18,15000,420.44002
1254,2017-12-29,15000,15965.73,14700,15373.51,259.649
1255,2017-12-30,15323.48,15600,13200,13850,584.9596
1256,2017-12-31,14000.68,15197.99,13632.81,14812.36,317.9102
1257,2018-01-01,14812.36,14812.36,13900,14599.98,293.7638
1258,2018-01-02,14599.98,16125.49,13900,15615.54,400.44
1259,2018-01-03,15482.37,16289.02,15188.34,16000,587.6764
1260,2018-01-04,15921.83,16188,14877.09,15942.44,344.1272
1261,2018-01-05,15942.44,18332.97,15493.18,18187.99,344.4004
1262,2018-01-06,18183.94,18250,17034.52,18083.94,271.9916
1263,2018-01-07,18083.94,18150.01,16920.03,17587.83,204.8284
1264,2018-01-08,17587.83,17587.83,15001.91,16015.74,443.6122
1265,2018-01-09,16015.74,16588.81,15420.62,15670.43,483.5472
1266,2018-01-10,15670.43,16199.8,15001.53,16125.76,261.7422
1267,2018-01-11,15934.36,16243.97,14425,14960.57,183.5946
1268,2018-01-12,14960.57,16392.56,14703.04,15240.46,104.359
1269,2018-01-13,15240.46,17998,14780.5,14899.08,1288.34231014
1270,2018-01-14,14899.08,15950,14000.11,14450.3,169.7766
1271,2018-01-15,14450.3,15850,14387.59,14728.46,82.4168
1272,2018-01-16,14728.46,14999,11882.6,13368.02,398.2557628
1273,2018-01-17,13368.02,13620.19,11078,12420.88,475.7338
1274,2018-01-18,12420.88,13124.48,12002,12708.2,198.4508
1275,2018-01-19,12708.2,13198.88,12162.01,12829.2007,127.8172
1276,2018-01-20,12829.2007,14141,12829.2007,14070.39,99.57132013
1277,2018-01-21,14070.39,14070.39,12500,12759.26,89.9188
1278,2018-01-22,12840.88,13108.1997,11200.01,12104.1,151.21562094
1279,2018-01-23,12104.1,12456.23,11078,11949.6,205.6672
1280,2018-01-24,11949.62,12582.75,11618.2,12524,200.54
1281,2018-01-25,12524,12809.2,12024,12200.01,341.807
1282,2018-01-26,12200.01,12640.2896,11287.93,12016.37,254.8362
1283,2018-01-27,12016.37,12738.98,11500.39,12470.86,92.2968
1284,2018-01-28,12470.86,13065.42,12344.06,12525.6,86.688
1285,2018-01-29,12525.6,12663.75,11836.03,11931.55,89.1282
1286,2018-01-30,11931.55,11974.5,10320.65,10671.21,298.469442
1287,2018-01-31,10671.21,10984.77,10279,10658.26,242.343
1288,2018-02-01,10658.26,10879.39,9347.35,9708.1797,335.7126
1289,2018-02-02,9648.67,9865.64,8600,9595.33,360.5036
1290,2018-02-03,9595.33,10188,8904.3,9865.468,178.2394
1291,2018-02-04,9865.468,10082.1925,9000,9175.74,328.1922
1292,2018-02-05,9132.64,9224.98,7702,7958.88,698.41953944
1293,2018-02-06,7960.88,8821.2899,6667,8641.46,1225.465
1294,2018-02-07,8641.46,9559.89,7777.72,8730,268.1481664
1295,2018-02-08,9300,9497.7,8257.41,8903.2,223.262
1296,2018-02-09,8990,9483.87,8435.19,9471.17,109.2062
1297,2018-02-10,9471.17,9749.57,9044.97,9318.2803,174.726
1298,2018-02-11,9318.2803,9318.2803,8585.5,8769.29,83.5546
1299,2018-02-12,8769.29,9750,8670,9579.11,146.0732
1300,2018-02-13,9579.11,9730.51,9118.01,9275.16,174.3996
1301,2018-02-14,9275.16,10077.7094,9181.76,10038.69,215.9222
1302,2018-02-15,10038.69,10903.99,9993.94,10625.87,122.9116
1303,2018-02-16,10625.87,10998.93,10491.17,10871.3193,86.7508
1304,2018-02-17,10871.3193,11688.88,10716.95,11688.88,210.4212
1305,2018-02-18,11700,11987.96,10900.03,11140.37,357.8242
1306,2018-02-19,11140.37,11883.598,11000.01,11839.81,95.4498
1307,2018-02-20,11839.81,12459.71,11828.26,12105,143.6652
1308,2018-02-21,12105,12105,11005.75,11220.53,68.4016
1309,2018-02-22,11220.53,11602.61,10310,10483.66,385.3838
1310,2018-02-23,10483.66,11099.0394,10333,10886.21,100.1516
1311,2018-02-24,10886.21,11198.43,10011.59,10286.304,177.5666
1312,2018-02-25,10286.304,10461.69,9894.72,10138.32,103.0368
1313,2018-02-26,10138.32,10998.38,9890,10887.77,101.0552
1314,2018-02-27,10887.77,11458.23,10800,11229.82,149.7428
1315,2018-02-28,11229.82,11670,10952.28,10952.58,357.7432
1316,2018-03-01,10952.58,11675.68,10900,11554.83,160.2004
1317,2018-03-02,11667.85,11841.54,11357.96,11525.01,77.3248
1318,2018-03-03,11525.01,12168.04,11525.01,12018.34,104.9318
1319,2018-03-04,12018.34,12118.81,11602.27,11852.59,87.3906
1320,2018-03-05,11852.59,12158,11845.8,11925,46.2754
1321,2018-03-06,11925,11925,11189.07,11189.07,101.0978
1322,2018-03-07,11189.07,11433.3,10001,10379.82,131.1982
1323,2018-03-08,10379.82,10578.254,9650.65,9791.57,91.5402
1324,2018-03-09,9791.57,9943.96,8800,9631.39,206.7956
1325,2018-03-10,9631.39,9907.32,9110.56,9110.56,36.9472
1326,2018-03-11,9110.56,10093.64,8895.47,9879.52,96.6058
1327,2018-03-12,9879.52,10298.1896,9210.0198,9569.36,106.0204
1328,2018-03-13,9569.36,9868,9158.71,9550.84,90.7574
1329,2018-03-14,9550.84,9746.35,8401,8554.64,249.3692
1330,2018-03-15,8554.64,8920.19,8051.22,8635.29,193.6772
1331,2018-03-16,8635.29,9054.24,8329.4,8738.38,140.0558
1332,2018-03-17,8711.99,8770.82,8175.13,8257.69,53.0886
1333,2018-03-18,8257.69,8797.32,7800.01,8643.95,144.3746
1334,2018-03-19,8720.21,9500,8567.63,9457.721,166.4576
1335,2018-03-20,9457.721,9749.34,8889.88,9594.49,72.7516
1336,2018-03-21,9594.49,9991,9364.43,9621.88,197.9232
1337,2018-03-22,9621.88,9933.48,9172.27,9344.46,191.302
1338,2018-03-23,9344.46,9636.03,8870.09,9554.79,118.479
1339,2018-03-24,9554.79,9691.83,9200,9200,31.6792
1340,2018-03-25,9200,9379.26,9016.89,9029.38,49.6458
1341,2018-03-26,9029.38,9248.91,8550,8821.94,250.6542
1342,2018-03-27,8821.94,8999.69,8500.02,8550.93,65.2274
1343,2018-03-28,8550.93,8998.89,8500.82,8667.08,30.636
1344,2018-03-29,8667.08,8771.98,7500.19,7751.03,207.0786
1345,2018-03-30,7751.03,8000,7202.56,7550,139.2386
1346,2018-03-31,7550,7994.58,7528.19,7677.7,158.7836
1347,2018-04-01,7699,7999.96,7150.01,7630.96,76.8548
1348,2018-04-02,7630.96,7934.04,7369.1,7838.01,103.7424
1349,2018-04-03,7838.01,8500,7702.27,8193.28,161.2996
1350,2018-04-04,8193.28,8500,7500.01,7968.01,97.5998
1351,2018-04-05,7968.01,8027.68,7500,7681.84,69.7058
1352,2018-04-06,7681.84,7899.37,7200.01,7222,243.9416
1353,2018-04-07,7222,7924.83,7222,7550.1,67.4334
1354,2018-04-08,7550.1,7950.24,7550.1,7735.37,35.0572
1355,2018-04-09,7735.37,7891.34,7233.78,7311.49,88.2532
1356,2018-04-10,7311.49,7511.71,7225.9,7346.53,63.217
1357,2018-04-11,7346.53,7593.25,7331.85,7550.94,49.6514
1358,2018-04-12,7550.94,8807.2,7331.85,8363.96,331.6144
1359,2018-04-13,8363.96,8699.35,7800,8066.11,295.0534
1360,2018-04-14,8066.11,8420,8000,8178.6,140.324
1361,2018-04-15,8178.6,8604.53,8100.36,8502.83,171.6686
1362,2018-04-16,8502.83,8548.71,8025.92,8200.3,69.2858
1363,2018-04-17,8200.3,8358.35,8000.5,8085.64,121.033
1364,2018-04-18,8085.64,8399.44,8028.29,8399.44,37.7048
1365,2018-04-19,8399.44,8417.66,8219.74,8358.11,66.8086
1366,2018-04-20,8358.11,9007.8,8355.73,8981.48,151.9666
1367,2018-04-21,8981.48,9103.49,8776.98,9043.62,88.2918
1368,2018-04-22,9043.87,9198,8881.94,8957.41,98.2278
1369,2018-04-23,8957.41,9111.27,8904,9009.54,109.8562
1370,2018-04-24,9009.54,9797,9009.54,9797,120.0184
1371,2018-04-25,9797,9849.6,8870.51,9019.69,177.9852
1372,2018-04-26,9019.69,9471.85,8733.42,9471.85,85.2334
1373,2018-04-27,9471.85,9665.61,9036.64,9036.64,72.3732
1374,2018-04-28,9036.64,9533.52,8984.04,9466.53,40.3742
1375,2018-04-29,9466.53,9604.12,9280.82,9536.35,96.2524
1376,2018-04-30,9536.35,9548.44,9121.85,9375.29,70.1354
1377,2018-05-01,9375.29,9519.99,9026.95,9153.6,167.8562
1378,2018-05-02,9153.6,9372.22,9077.47,9322.24,74.94
1379,2018-05-03,9322.24,9936.45,9272.1,9907.08,198.85
1380,2018-05-04,9907.08,9943.73,9686,9817.03,156.8702
1381,2018-05-05,9817.03,10198.23,9817.03,10108.73,131.4492
1382,2018-05-06,10051.55,10243.88,9717.6,9960.36,66.5286
1383,2018-05-07,9960.36,9979.16,9462.6,9605.33,115.3566
1384,2018-05-08,9605.33,9700.14,9311.65,9524.49,215.9094
1385,2018-05-09,9524.49,9690,9295.69,9599.89,131.5706
1386,2018-05-10,9599.89,9673.48,9268,9268,91.7496
1387,2018-05-11,9268,9295.99,8587.67,8667.28,277.724
1388,2018-05-12,8667.28,8880.84,8409.41,8712.16,78.5648
1389,2018-05-13,8712.16,8975.89,8528.96,8912.26,81.4476
1390,2018-05-14,8912.26,9104.39,8451.64,8927.9,99.9188
1391,2018-05-15,8927.9,9029.24,8613.22,8668.93,85.1864
1392,2018-05-16,8668.93,8674.05,8211.23,8522.27,85.9595
1393,2018-05-17,8522.27,8707.03,8200,8276.45,58.0605
1394,2018-05-18,8245.21,8401.06,8098.15,8300.5,42.6922
1395,2018-05-19,8300.5,8510,8175.01,8300.5,28.2747
1396,2018-05-20,8300.5,8684.96,8281.64,8300.5,65.103
1397,2018-05-21,8300.5,8659.54,8300.5,8455.99,77.8463
1398,2018-05-22,8455.99,8513.91,7954.61,7954.61,49.097
1399,2018-05-23,7954.61,8101.55,7603.24,7721.74,82.3006
1400,2018-05-24,7721.74,7868.34,7384.19,7743.73,58.1476
1401,2018-05-25,7743.73,7843.1,7300.81,7637.66,79.1595
1402,2018-05-26,7649.99,8133.74,7393.56,7393.56,20.9219
1403,2018-05-27,7393.56,7508.72,7300.06,7433.95,9.1526
1404,2018-05-28,7433.95,7564.87,7300,7300.25,16.6499
1405,2018-05-29,7338.53,7768.47,7272.86,7760.11,47.2259
1406,2018-05-30,7732.99,7957.83,7451.86,7550,74.6958
1407,2018-05-31,7550,7806.79,7523.53,7642.85,79.2585
1408,2018-06-01,7642.85,7748.51,7430.74,7667.78,58.3643
1409,2018-06-02,7667.78,7841.87,7641.26,7793.57,59.5148
1410,2018-06-03,7793.57,7899.99,7763.59,7838.93,18.5024
1411,2018-06-04,7838.93,7869.99,7572.34,7639.79,49.8107
1412,2018-06-05,7639.79,7817.8,7535,7817.7,57.9585
1413,2018-06-06,7817.7,7836.22,7619.07,7791.77,63.5315
1414,2018-06-07,7791.77,7874.93,7722.69,7722.69,47.3355
1415,2018-06-08,7722.69,7852.77,7600.07,7681.95,29.8681
1416,2018-06-09,7681.95,7857.96,7600,7600,17.6543
1417,2018-06-10,7612.16,7612.16,6800,6932.37,76.4193
1418,2018-06-11,6953.03,7272.86,6850.83,7007.78,61.0268
1419,2018-06-12,7077.87,7207.77,6673.87,6817.19,50.3214
1420,2018-06-13,6817.19,7288.68,6400.01,7150,67.438
1421,2018-06-14,7150,7229.97,6558.53,6857.8,45.8031
1422,2018-06-15,6857.8,7100,6692.15,6758.96,43.1943
1423,2018-06-16,6758.96,6895.15,6692.02,6888.72,27.1308
1424,2018-06-17,6888.72,6888.88,6788.76,6788.76,33.9755
1425,2018-06-18,6788.76,7043.65,6722.44,6996.2,49.1064
1426,2018-06-19,6996.2,7150,6976.21,7082.31,62.1793
1427,2018-06-20,7082.31,7168.76,6863.45,7053.11,72.875
1428,2018-06-21,7053.11,7087.95,6820.43,6854.69,100.4018
1429,2018-06-22,6854.69,6867.37,6006,6208.8,104.4004
1430,2018-06-23,6208.8,6317.72,6119.14,6172.2,21.9212
1431,2018-06-24,6172.2,6314.98,5901.06,6287.02,54.5474
1432,2018-06-25,6287.02,6400.32,6193.06,6300.88,20.3268
1433,2018-06-26,6300.88,6332.35,6121.59,6121.59,32.4931
1434,2018-06-27,6121.59,6239.74,6004.97,6239.74,31.8977
1435,2018-06-28,6202.84,6207.53,5920.8,5967.67,29.634
1436,2018-06-29,5863.05,6291.23,5649.89,6066.19,44.438
1437,2018-06-30,6071.31,6417.22,6071.31,6348.79,93.4878
1438,2018-07-01,6348.79,6350,6147.03,6264.66,26.2095
1439,2018-07-02,6264.66,6599.91,6148.62,6565.83,60.6906
1440,2018-07-03,6565.83,6677.22,6444.56,6456.48,22.9357
1441,2018-07-04,6456.48,6699.99,6396.74,6542.92,8.6819
1442,2018-07-05,6542.92,6662.74,6394.25,6488.82,9.9555
1443,2018-07-06,6488.82,6664.73,6399.89,6617.81,9.4194
1444,2018-07-07,6617.81,6719.46,6504.03,6704.18,18.1069
1445,2018-07-08,6704.18,6787.55,6666.66,6666.66,10.4275
1446,2018-07-09,6666.66,6799.84,6650,6674.51,16.201
1447,2018-07-10,6674.51,6674.51,6224.4,6224.4,47.8488
1448,2018-07-11,6224.4,6371.29,6202.09,6251.23,148.6683
1449,2018-07-12,6251.23,6327.92,6137.58,6191.66,59.0133
1450,2018-07-13,6191.66,6389.97,6163.13,6192.62,28.5411
1451,2018-07-14,6192.62,6389.99,6192.62,6300,10.6309
1452,2018-07-15,6300,6427.64,6300,6382.08,44.2063
1453,2018-07-16,6382.08,6676.95,6331.01,6676.95,53.5483
1454,2018-07-17,6676.95,7376.86,6567.37,7307.59,75.745
1455,2018-07-18,7307.59,7515.86,7231,7346.38,190.0866
1456,2018-07-19,7346.38,7523.19,7262.03,7421.87,40.0508
1457,2018-07-20,7421.87,7636.42,7302.19,7347.04,21.7286
1458,2018-07-21,7347.04,7395.59,7279.1,7395.15,66.8639
1459,2018-07-22,7395.15,7486.64,7329.93,7329.93,25.8694
1460,2018-07-23,7329.93,7795.45,7329.93,7675.13,48.3677
1461,2018-07-24,7675.13,8300.21,7675.13,8300.21,116.2192
1462,2018-07-25,8300.21,8330,7993.09,8166.94,56.1627
1463,2018-07-26,8166.94,8211.02,7852.7,7865.24,40.7441
1464,2018-07-27,7865.24,8250,7762.73,8125.34,88.9753
1465,2018-07-28,8125.34,8183.78,8077.09,8183.78,9.6021
1466,2018-07-29,8183.78,8356.44,8100.02,8205.88,50.5454
1467,2018-07-30,8205.88,8314.86,7905.95,8091.64,41.9853
1468,2018-07-31,8091.64,8091.64,7650,7650,10.4763
1469,2018-08-01,7650,7714.7,7433.24,7551.68,47.5758
1470,2018-08-02,7551.68,7675.66,7435.8,7435.8,41.9967
1471,2018-08-03,7435.8,7440.37,7242.4,7352.95,48.6678
1472,2018-08-04,7352.95,7444.36,6944.05,6967.45,16.9399
1473,2018-08-05,6967.45,6974.04,6854.01,6953.89,25.6479
1474,2018-08-06,6953.89,7136.15,6772.38,6819.91,59.9354
1475,2018-08-07,6819.91,7138.82,6627.01,6749.91,174.4076
1476,2018-08-08,6749.91,6749.91,6300,6408.9,31.2373
1477,2018-08-09,6408.9,6723.65,6294.72,6723.65,20.3313
1478,2018-08-10,6723.65,6907.46,6146.26,6203.53,153.0648
1479,2018-08-11,6203.53,7061.14,6201,6489.01,69.5561
1480,2018-08-12,6489.01,6594.59,6436.16,6440.03,36.111
1481,2018-08-13,6440.03,6692.32,6412.33,6412.33,20.8737
1482,2018-08-14,6412.33,6440.04,6137.98,6317.68,36.4672
1483,2018-08-15,6317.68,6682.24,6138.49,6318.05,20.5385
1484,2018-08-16,6318.05,6519.2,6213.81,6311.4,30.5605
1485,2018-08-17,6311.4,6529.31,6311.4,6471.12,45.6451
1486,2018-08-18,6471.12,6477,6349.88,6415.23,52.2017
1487,2018-08-19,6415.23,6527.93,6375.36,6484.15,8.3666
1488,2018-08-20,6484.15,6528.21,6263.03,6271.65,12.8902
1489,2018-08-21,6271.65,6465.95,6271.65,6462.08,10.9076
1490,2018-08-22,6462.08,6828.68,6268.19,6370.15,43.0667
1491,2018-08-23,6381.52,6568.2,6359.9,6530.76,49.3128
1492,2018-08-24,6538.85,6744.3,6455.76,6697.69,65.1605
1493,2018-08-25,6704.49,6809.54,6672.73,6712.1,46.0177
1494,2018-08-26,6717.02,6761.5,6550.6,6682.26,40.5821
1495,2018-08-27,6689.23,6940.8,6659,6883.53,47.2123
1496,2018-08-28,6917.57,7129.85,6845.45,7081.13,46.7246
1497,2018-08-29,7087.98,7149,6927.9,7053.88,41.6361
1498,2018-08-30,7056.99,7075.73,6784.67,6970.05,41.5591
1499,2018-08-31,6977.4,7102.08,6883.68,7036.51,34.1219
1500,2018-09-01,7036.51,7264.22,7004.74,7191.36,34.0606
1501,2018-09-02,7179.93,7346.81,7111.24,7278.51,49.2316
1502,2018-09-03,7265.2,7328.77,7178.03,7277.61,43.5524
1503,2018-09-04,7271.76,7413.97,7246.61,7360.03,41.4777
1504,2018-09-05,7344.15,7410.54,6689.69,6704.96,107.3169
1505,2018-09-06,6708.17,6739.04,6290.27,6499.76,117.4264
1506,2018-09-07,6516.44,6554.87,6328.09,6418.22,81.862
1507,2018-09-08,6419.35,6485.26,6103.27,6177.08,114.7358
1508,2018-09-09,6188.18,6449.15,6139.59,6239.75,46.879
1509,2018-09-10,6260.75,6368.7,6210.23,6319.55,40.709
1510,2018-09-11,6314.47,6418.45,6175.66,6294.27,43.78
1511,2018-09-12,6299.16,6368.02,6192.05,6336.24,45.9429
1512,2018-09-13,6336.24,6556.33,6329.48,6503.08,63.9266
1513,2018-09-14,6497.69,6603.9,6404.84,6472.51,43.5279
1514,2018-09-15,6468.71,6557.76,6452.19,6502,32.0891
1515,2018-09-16,6514.14,6535.56,6380.24,6493.59,30.5003
1516,2018-09-17,6501.86,6530,6191.47,6250.41,56.9149
1517,2018-09-18,6243.73,6372.93,6205.84,6326.82,42.9142
1518,2018-09-19,6316.23,6497.97,6139,6386.39,60.1186
1519,2018-09-20,6363.32,6545.63,6355.68,6499.99,57.0443
1520,2018-09-21,6507.81,6779.54,6484.71,6749.4,53.8373
1521,2018-09-22,6761.71,6842.01,6625.78,6717.25,36.2502
1522,2018-09-23,6737.07,6797.24,6651.01,6688.16,31.9273
1523,2018-09-24,6691.51,6735.05,6565,6590.5,48.4303
1524,2018-09-25,6574.43,6594.05,6343.15,6438.8,53.1782
1525,2018-09-26,6446.59,6537.9,6400.04,6441.02,45.4209
1526,2018-09-27,6447,6737.72,6422.18,6677.23,89.7602
1527,2018-09-28,6676.72,6798.61,6534.32,6633.08,77.4758
1528,2018-09-29,6630.95,6630.95,6452.29,6592.23,62.2382
1529,2018-09-30,6588.85,6663.16,6524.04,6620,46.6047
1530,2018-10-01,6618.04,6656.77,6497.21,6585.67,39.425
1531,2018-10-02,6581.94,6617.42,6478.61,6516.19,41.0978
1532,2018-10-03,6519.6,6522.47,6419.96,6462.83,49.3813
1533,2018-10-04,6459.73,6592.03,6444.57,6549.52,37.1456
1534,2018-10-05,6550.38,6630,6510.43,6589.89,33.102
1535,2018-10-06,6591.05,6595.82,6485.61,6559.92,26.5315
1536,2018-10-07,6560.46,6595.2,6487.53,6572.86,28.4293
1537,2018-10-08,6573.06,6661.72,6456.94,6611.13,37.5079
1538,2018-10-09,6611.49,6617.72,6551.49,6591.42,20.7507
1539,2018-10-10,6586.25,6598.31,6465,6533.62,37.1266
1540,2018-10-11,6533.02,6539.79,6119.42,6147.23,124.0549
1541,2018-10-12,6149.72,6240.85,6119.5,6181.46,38.5527
1542,2018-10-13,6178.08,6212.12,6167.52,6189.09,18.932
1543,2018-10-14,6190.39,6253.23,6146.27,6181.91,24.0708
1544,2018-10-15,6178.06,6747.04,6140.09,6437.54,212.7469
1545,2018-10-16,6436.51,6490.34,6400.26,6454.61,91.6634
1546,2018-10-17,6453.25,6484.5,6409.09,6450.63,133.0852
1547,2018-10-18,6451.18,6490.4,6368.02,6396.25,43.3308
1548,2018-10-19,6400.18,6435.26,6362.67,6392.84,72.6722
1549,2018-10-20,6394.13,6443.64,6367.95,6415.34,77.9229
1550,2018-10-21,6409.22,6471.23,6403.82,6420.64,197.0301
1551,2018-10-22,6420.55,6441.57,6392.6,6414.7,42.13
1552,2018-10-23,6414.48,6427.36,6358.39,6390.31,63.1783
1553,2018-10-24,6392.15,6462.98,6389.06,6424.07,96.8265
1554,2018-10-25,6428.17,6429.1,6373.37,6397.82,61.2412
1555,2018-10-26,6400.01,6456.58,6350.22,6401.71,43.5946
1556,2018-10-27,6402.78,6423.97,6391.21,6411.22,31.1314
1557,2018-10-28,6413.42,6434.22,6395.19,6416.76,29.9894
1558,2018-10-29,6418.92,6421.97,6203.41,6263.56,45.2324
1559,2018-10-30,6263.62,6301.74,6260,6276.85,36.1618
1560,2018-10-31,6274.63,6365.91,6206.47,6311.96,36.3639
1561,2018-11-01,6304.4,6363.7,6299.29,6340.07,166.4754
1562,2018-11-02,6340.07,6402.18,6340.07,6361.16,279.6698
1563,2018-11-03,6357.49,6363.08,6316.91,6342.14,43.838
1564,2018-11-04,6342.01,6449.29,6325.61,6436.18,51.8537
1565,2018-11-05,6436.19,6461.12,6384.26,6404.65,211.7738
1566,2018-11-06,6407.43,6460,6384.89,6459.04,76.1085
1567,2018-11-07,6458.34,6555.24,6448.26,6507.48,55.7083
1568,2018-11-08,6507.7,6527.14,6387.89,6409.01,43.0932
1569,2018-11-09,6410.57,6429.7,6304.82,6330.87,48.8483
1570,2018-11-10,6331.69,6380.59,6329.29,6351.7,36.7154
1571,2018-11-11,6349.67,6368.86,6278.32,6363.83,35.6563
1572,2018-11-12,6362.38,6394.75,6296.39,6331.45,42.9301
1573,2018-11-13,6330.09,6334.58,6251.21,6273,26.1345
1574,2018-11-14,6273,6297.58,5299.75,5571.71,121.1458
1575,2018-11-15,5571.71,5622.26,5182.67,5549,29.9262
1576,2018-11-16,5549,5556.37,5481.05,5489.3,7.461
1577,2018-11-17,5511.79,5534.31,5468.53,5501.39,6.8964
1578,2018-11-18,5501.39,5629.17,5501.39,5555.56,8.8893
1579,2018-11-19,5555.56,5555.56,4685.71,4744.56,109.4519
1580,2018-11-20,4742.66,4884.25,4042.46,4364.41,268.7723
1581,2018-11-21,4379.45,4623.12,4245.4,4538.02,145.4721
1582,2018-11-22,4534.9,4584.37,4236.49,4256.37,78.7885
1583,2018-11-23,4264.39,4349.96,4093.31,4286.44,109.4151
1584,2018-11-24,4286.73,4372.69,3647.79,3770.78,238.2699
1585,2018-11-25,3770.24,4122.44,3442.78,3936.21,338.9741
1586,2018-11-26,3930.7,4069.4,3526.63,3733.47,227.6673
1587,2018-11-27,3728.93,3820.02,3566.84,3772.41,420.1227
1588,2018-11-28,3774.07,4348.3,3773.98,4217.73,275.8643
1589,2018-11-29,4213.89,4396.98,4091.32,4246.36,165.1056
1590,2018-11-30,4246.67,4297.84,3875.62,3977.87,158.1384
1591,2018-12-01,3976.81,4253.89,3913.62,4141.53,289.321
1592,2018-12-02,4136.82,4243.32,4028.61,4091.34,89.7828
1593,2018-12-03,4092.09,4110.12,3750.46,3829.68,130.1525
1594,2018-12-04,3827.4,4034.33,3733.69,3891.64,108.676
1595,2018-12-05,3901.31,3912.67,3675.09,3694.57,143.4092
1596,2018-12-06,3693.19,3833.44,3421.06,3438.54,189.8019
1597,2018-12-07,3440.25,3528.59,3203.46,3378.63,256.167
1598,2018-12-08,3373.82,3489.13,3250.95,3400.83,169.3489
1599,2018-12-09,3400.97,3626,3375.62,3527.9,77.3849
1600,2018-12-10,3530.3,3595.07,3354.32,3412.45,109.3135
1601,2018-12-11,3408.67,3422.98,3288.45,3346.33,113.7082
1602,2018-12-12,3347.57,3479.2,3324.79,3428.4,90.2706
1603,2018-12-13,3428.87,3437.72,3228.2,3259.91,108.7496
1604,2018-12-14,3259.94,3293.27,3131.55,3184.7,100.4528
1605,2018-12-15,3185.24,3215.13,3121.16,3176.98,79.5461
1606,2018-12-16,3178.47,3257.33,3175.14,3197.13,109.6885
1607,2018-12-17,3194.58,3574.8,3185.53,3502.15,113.5262
1608,2018-12-18,3500.31,3667.58,3432.45,3662.42,111.401
1609,2018-12-19,3662.4,3917.92,3638.31,3677.77,166.5012
1610,2018-12-20,3681.82,4172.05,3658.01,4067.2,191.8007
1611,2018-12-21,4061.48,4150.54,3768.05,3842.37,353.023
1612,2018-12-22,3843.13,4005.75,3787.88,3976.34,123.1373
1613,2018-12-23,3982.47,4058.11,3906.38,3945.51,126.0926
1614,2018-12-24,3946.67,4235.67,3939.52,4034.41,164.8511
1615,2018-12-25,4032.48,4043.93,3676.7,3779.37,157.2683
1616,2018-12-26,3783.86,3863.72,3691.74,3810.32,119.8168
1617,2018-12-27,3814.46,3833.06,3560.68,3587.52,119.3636
1618,2018-12-28,3590.5,3943.23,3575.8,3883.64,139.7312
1619,2018-12-29,3890.2,3937.19,3701,3711.07,88.3849
1620,2018-12-30,3710.77,3854.73,3680.03,3832.51,98.4501
1621,2018-12-31,3831.65,3838.19,3646.23,3693.78,108.2082
1622,2019-01-01,3696.86,3831.56,3646.32,3822.82,125.6574
1623,2019-01-02,3823.35,3911.12,3775.41,3889.21,124.2522
1624,2019-01-03,3888.91,3896,3760.69,3786.38,133.7595
1625,2019-01-04,3784.59,3847.47,3727.23,3817.35,134.5594
1626,2019-01-05,3819.9,3872.09,3776.05,3797.61,153.6534
1627,2019-01-06,3794.24,4074.32,3750.97,4043.17,194.4511
1628,2019-01-07,4042.48,4058.91,3966.6,4006.23,212.6116
1629,2019-01-08,4009.59,4098.32,3950.57,3984.95,121.3682
1630,2019-01-09,3986.77,4029.69,3969.49,4000.83,133.9209
1631,2019-01-10,4000.83,4028,3581.24,3626.48,212.95
1632,2019-01-11,3625.85,3650.82,3591.82,3623.47,28.0582
